#管理员表
create table `work_admin`(
`id` int(11) unsigned not null AUTO_INCREMENT,
`username` varchar(20) not null default  '' COMMENT '姓名',
`realname` varchar(20) not null default  '' COMMENT '真实姓名',
`logo` varchar(100) not null default '',
`password` varchar(32) not null default '' COMMENT '密码',
`code` varchar(10) not null default ''  COMMENT '密码加密码',
`status` tinyint(1)  not null default 1  COMMENT '状态 1正常 0删除 2禁用 ',
`create_time` int(11)  unsigned not null default 0  COMMENT '创建时间',
`update_time` int(11)  unsigned not null default 0  COMMENT '更新时间',
primary key(`id`),
unique key username(`username`)
)engine=innodb AUTO_INCREMENT=1 default charset=utf8;
INSERT INTO `work_admin`(username,realname,password,code,status,create_time,update_time) 
VALUES ( 'taopapa', '陈锦涛', 'dd98c5bee8c22aadf8d73ddf3dd7e320', '3643', '1', '1521725536', '1521951698');


#用户表
create table `work_author`(
`id` int(11) unsigned not null AUTO_INCREMENT,
`username` varchar(20) not null default  '' COMMENT '姓名',
`realname` varchar(20) not null default  '' COMMENT '真实姓名',
`logo` varchar(100) not null default '',
`password` varchar(32) not null default '' COMMENT '密码',
`code` varchar(10) not null default ''  COMMENT '密码加密码',
`tel` varchar(20) not null default '' COMMENT '电话',
`email` varchar(20) not null default '' COMMENT '邮箱',
`note` text  null  COMMENT '备注',
`birthday` DATE DEFAULT null,
`sex` tinyint(1)  not null default 2  COMMENT '性别 1女 0男 2未知 ',
`status` tinyint(1)  not null default 1  COMMENT '状态 1正常 0删除 2私有 3禁用 ',
`create_time` int(11)  unsigned not null default 0  COMMENT '创建时间',
`update_time` int(11)  unsigned not null default 0  COMMENT '更新时间',
`delete_time` int(11) UNSIGNED DEFAULT NULL,
primary key(`id`),
unique key username(`username`)
)engine=innodb AUTO_INCREMENT=1 default charset=utf8;
INSERT INTO `work_author` (`id`, `username`, `realname`, `logo`, `password`, `code`, `tel`, `email`, `note`, `birthday`, `sex`, `status`, `create_time`, `update_time`, `delete_time`) VALUES
(1, 'java', '陈锦涛', '/taopapa/public\\author\\java_logo\\5b2cd33c34ccf.jpg', 'dc18d4cb7b2b1496107ad30bad63e00d', '9198', '15767314719', '15767314719@189.cn', '我还想再活五百年', '1987-01-01', 1, 1, 1529651904, 1529664392, NULL),
(2, 'php', '陈锦涛', '/taopapa/public\\author\\php_logo\\5b2cd2c512bae.jpg', 'cafeac81a03bacfa0eff4f8156b933de', '9643', '15767314719', '15767314719@189.cn', '语言界大佬', '1994-01-01', 0, 1, 1529651948, 1529664256, NULL),
(3, 'python', '陈锦涛', '/taopapa/public\\author\\python_logo\\5b2cd775287aa.jpg', '6ac34974ce4ce068c4249e7d70f0ef50', '9076', '15767314719', '15767314719@189.cn', '好丑啊，有没有好点的整容医院介绍一波啊', '2000-10-10', 0, 1, 1529651979, 1529665470, NULL),
(4, 'angular', '陈锦涛', '', 'ca1556067519f0601d102383ae7885b2', '8168', '15767314719', '15767314719@189.cn', NULL, NULL, 2, 1, 1529652010, 1529652010, NULL),
(5, 'yii2', '陈锦涛', '', '87e2cbf2224fea658bef9183e9c6870e', '8181', '15767314719', '15767314719@189.cn', NULL, NULL, 2, 1, 1529652033, 1529652033, NULL);




#类别表
create table `work_category`(
`id` int(11) unsigned not null AUTO_INCREMENT,
`categoryname` varchar(30) not null default  '' COMMENT '类别名',
`status` tinyint(1)  not null default 1  COMMENT '状态 1正常 0删除 2禁用 ',
`create_time` int(11)  unsigned not null default 0  COMMENT '创建时间',
`update_time` int(11)  unsigned not null default 0  COMMENT '更新时间',
`delete_time` int(11) UNSIGNED DEFAULT NULL,
primary key(`id`),
unique key categoryname(`categoryname`)
)engine=innodb AUTO_INCREMENT=1 default charset=utf8;
INSERT INTO `work_category` (`id`, `categoryname`, `status`, `create_time`, `update_time`, `delete_time`) VALUES
(1, '互联网', 1, 1521725536, 1521951698, NULL),
(2, 'IT业界', 1, 1521725511, 1521951611, NULL),
(3, '软件开发', 1, 1521725522, 1521951622, NULL),
(4, '开源', 1, 1521725533, 1521951633, NULL),
(5, '电脑硬件', 1, 1521725544, 1521951644, NULL),
(6, '游戏', 1, 1521725555, 1521951655, NULL),
(7, '创业', 1, 1521725566, 1521951666, NULL),
(8, '手机相关', 1, 1521725577, 1521951677, NULL),
(9, '科学', 1, 1521725588, 1521951688, NULL),
(10, '其他', 1, 1521725599, 1521951699, NULL),
(11, 'php', 0, 1529651687, 1529651687, 1529651687),
(12, 'python', 0, 1529651702, 1529651702, 1529651702),
(13, 'angularjs', 0, 1529651717, 1529651717, 1529651717);


#文章表
create table `work_article`(
`id` int(11) unsigned not null AUTO_INCREMENT,
`title` varchar(100) not null default '',
`logo` varchar(100) not null default '',
`author_id` int(11) not null default 0,
`category_id` int(11) not null default 0,
`description` varchar(250) not null default '',
`content` text  null ,
`comment_num` int(11) not null default 0,
`up` int(11) not null default 0,
`status` tinyint(1)  not null default 1,
`create_time` int(11)  unsigned not null default 0,
`update_time` int(11)  unsigned not null default 0,
`delete_time` int(11) UNSIGNED DEFAULT NULL,
primary key(`id`),
key author_id(`author_id`),
key category_id(`category_id`)
)engine=innodb AUTO_INCREMENT=1 default charset=utf8;
INSERT INTO `work_article` (`id`, `title`, `logo`, `author_id`, `category_id`, `description`, `content`, `comment_num`, `up`, `status`, `create_time`, `update_time`, `delete_time`) VALUES
(1, '如果 GitHub 被中国互联网巨头收购，一定会换一个响当当的 Slogan！', '/taopapa/public\\news\\5b2c976fefbeb.jpg', 0, 2, '近日听闻全球最大的代码托管平台 GitHub 或将无奈之下卖身微软，作价 50 亿美元，也可能再多一点，实在唏嘘不已。如此优秀的一款产品，终究也要折服于资本和运营的手段下。', '&lt;p style=&quot;box-sizing: border-box; outline: 0px; padding: 0px; margin-top: 0px; margin-bottom: 16px; color: rgb(79, 79, 79); line-height: 26px; text-align: justify; word-break: break-all; font-family: -apple-system, &amp;quot;SF UI Text&amp;quot;, Arial, &amp;quot;PingFang SC&amp;quot;, &amp;quot;Hiragino Sans GB&amp;quot;, &amp;quot;Microsoft YaHei&amp;quot;, &amp;quot;WenQuanYi Micro Hei&amp;quot;, sans-serif, SimHei, SimSun; white-space: normal; background-color: rgb(255, 255, 255);&quot;&gt;近日听闻全球最大的代码托管平台 GitHub 或将无奈之下卖身微软，作价 50 亿美元，也可能再多一点，实在唏嘘不已。如此优秀的一款产品，终究也要折服于资本和运营的手段下。&lt;/p&gt;&lt;p style=&quot;box-sizing: border-box; outline: 0px; padding: 0px; margin-top: 0px; margin-bottom: 16px; color: rgb(79, 79, 79); line-height: 26px; text-align: justify; word-break: break-all; font-family: -apple-system, &amp;quot;SF UI Text&amp;quot;, Arial, &amp;quot;PingFang SC&amp;quot;, &amp;quot;Hiragino Sans GB&amp;quot;, &amp;quot;Microsoft YaHei&amp;quot;, &amp;quot;WenQuanYi Micro Hei&amp;quot;, sans-serif, SimHei, SimSun; white-space: normal; background-color: rgb(255, 255, 255);&quot;&gt;一阵感慨之下，脑洞大开：如果有这么一个可能的话，GitHub 被中国互联网巨头们收购麾下，一定会有一个响当当的全新 Solgan，那可能是这样的：&lt;/p&gt;&lt;p style=&quot;box-sizing: border-box; outline: 0px; padding: 0px; margin-top: 0px; margin-bottom: 16px; color: rgb(79, 79, 79); line-height: 26px; text-align: justify; word-break: break-all; font-family: -apple-system, &amp;quot;SF UI Text&amp;quot;, Arial, &amp;quot;PingFang SC&amp;quot;, &amp;quot;Hiragino Sans GB&amp;quot;, &amp;quot;Microsoft YaHei&amp;quot;, &amp;quot;WenQuanYi Micro Hei&amp;quot;, sans-serif, SimHei, SimSun; white-space: normal; background-color: rgb(255, 255, 255);&quot;&gt;阿里&lt;/p&gt;&lt;p style=&quot;box-sizing: border-box; outline: 0px; padding: 0px; margin-top: 0px; margin-bottom: 16px; color: rgb(79, 79, 79); line-height: 26px; text-align: justify; word-break: break-all; font-family: -apple-system, &amp;quot;SF UI Text&amp;quot;, Arial, &amp;quot;PingFang SC&amp;quot;, &amp;quot;Hiragino Sans GB&amp;quot;, &amp;quot;Microsoft YaHei&amp;quot;, &amp;quot;WenQuanYi Micro Hei&amp;quot;, sans-serif, SimHei, SimSun; white-space: normal; background-color: rgb(255, 255, 255);&quot;&gt;&lt;img src=&quot;https://img-blog.csdn.net/20180604202135888?watermark/2/text/aHR0cHM6Ly9ibG9nLmNzZG4ubmV0L3dlbmJpdGlhbnhpYWZlbmc=/font/5a6L5L2T/fontsize/400/fill/I0JBQkFCMA==/dissolve/70&quot; alt=&quot;&quot; title=&quot;&quot;/&gt;&lt;/p&gt;&lt;p style=&quot;box-sizing: border-box; outline: 0px; padding: 0px; margin-top: 0px; margin-bottom: 16px; color: rgb(79, 79, 79); line-height: 26px; text-align: justify; word-break: break-all; font-family: -apple-system, &amp;quot;SF UI Text&amp;quot;, Arial, &amp;quot;PingFang SC&amp;quot;, &amp;quot;Hiragino Sans GB&amp;quot;, &amp;quot;Microsoft YaHei&amp;quot;, &amp;quot;WenQuanYi Micro Hei&amp;quot;, sans-serif, SimHei, SimSun; white-space: normal; background-color: rgb(255, 255, 255);&quot;&gt;百度&lt;/p&gt;&lt;p style=&quot;box-sizing: border-box; outline: 0px; padding: 0px; margin-top: 0px; margin-bottom: 16px; color: rgb(79, 79, 79); line-height: 26px; text-align: justify; word-break: break-all; font-family: -apple-system, &amp;quot;SF UI Text&amp;quot;, Arial, &amp;quot;PingFang SC&amp;quot;, &amp;quot;Hiragino Sans GB&amp;quot;, &amp;quot;Microsoft YaHei&amp;quot;, &amp;quot;WenQuanYi Micro Hei&amp;quot;, sans-serif, SimHei, SimSun; white-space: normal; background-color: rgb(255, 255, 255);&quot;&gt;&lt;img src=&quot;https://img-blog.csdn.net/20180604202148904?watermark/2/text/aHR0cHM6Ly9ibG9nLmNzZG4ubmV0L3dlbmJpdGlhbnhpYWZlbmc=/font/5a6L5L2T/fontsize/400/fill/I0JBQkFCMA==/dissolve/70&quot; alt=&quot;&quot; title=&quot;&quot;/&gt;&lt;/p&gt;&lt;p style=&quot;box-sizing: border-box; outline: 0px; padding: 0px; margin-top: 0px; margin-bottom: 16px; color: rgb(79, 79, 79); line-height: 26px; text-align: justify; word-break: break-all; font-family: -apple-system, &amp;quot;SF UI Text&amp;quot;, Arial, &amp;quot;PingFang SC&amp;quot;, &amp;quot;Hiragino Sans GB&amp;quot;, &amp;quot;Microsoft YaHei&amp;quot;, &amp;quot;WenQuanYi Micro Hei&amp;quot;, sans-serif, SimHei, SimSun; white-space: normal; background-color: rgb(255, 255, 255);&quot;&gt;京东&lt;/p&gt;&lt;p style=&quot;box-sizing: border-box; outline: 0px; padding: 0px; margin-top: 0px; margin-bottom: 16px; color: rgb(79, 79, 79); line-height: 26px; text-align: justify; word-break: break-all; font-family: -apple-system, &amp;quot;SF UI Text&amp;quot;, Arial, &amp;quot;PingFang SC&amp;quot;, &amp;quot;Hiragino Sans GB&amp;quot;, &amp;quot;Microsoft YaHei&amp;quot;, &amp;quot;WenQuanYi Micro Hei&amp;quot;, sans-serif, SimHei, SimSun; white-space: normal; background-color: rgb(255, 255, 255);&quot;&gt;&lt;img src=&quot;https://img-blog.csdn.net/20180604202201680?watermark/2/text/aHR0cHM6Ly9ibG9nLmNzZG4ubmV0L3dlbmJpdGlhbnhpYWZlbmc=/font/5a6L5L2T/fontsize/400/fill/I0JBQkFCMA==/dissolve/70&quot; alt=&quot;&quot; title=&quot;&quot;/&gt;&lt;/p&gt;&lt;p style=&quot;box-sizing: border-box; outline: 0px; padding: 0px; margin-top: 0px; margin-bottom: 16px; color: rgb(79, 79, 79); line-height: 26px; text-align: justify; word-break: break-all; font-family: -apple-system, &amp;quot;SF UI Text&amp;quot;, Arial, &amp;quot;PingFang SC&amp;quot;, &amp;quot;Hiragino Sans GB&amp;quot;, &amp;quot;Microsoft YaHei&amp;quot;, &amp;quot;WenQuanYi Micro Hei&amp;quot;, sans-serif, SimHei, SimSun; white-space: normal; background-color: rgb(255, 255, 255);&quot;&gt;头条&lt;/p&gt;&lt;p style=&quot;box-sizing: border-box; outline: 0px; padding: 0px; margin-top: 0px; margin-bottom: 16px; color: rgb(79, 79, 79); line-height: 26px; text-align: justify; word-break: break-all; font-family: -apple-system, &amp;quot;SF UI Text&amp;quot;, Arial, &amp;quot;PingFang SC&amp;quot;, &amp;quot;Hiragino Sans GB&amp;quot;, &amp;quot;Microsoft YaHei&amp;quot;, &amp;quot;WenQuanYi Micro Hei&amp;quot;, sans-serif, SimHei, SimSun; white-space: normal; background-color: rgb(255, 255, 255);&quot;&gt;&lt;img src=&quot;https://img-blog.csdn.net/201806042022150?watermark/2/text/aHR0cHM6Ly9ibG9nLmNzZG4ubmV0L3dlbmJpdGlhbnhpYWZlbmc=/font/5a6L5L2T/fontsize/400/fill/I0JBQkFCMA==/dissolve/70&quot; alt=&quot;&quot; title=&quot;&quot;/&gt;&lt;/p&gt;&lt;p style=&quot;box-sizing: border-box; outline: 0px; padding: 0px; margin-top: 0px; margin-bottom: 16px; color: rgb(79, 79, 79); line-height: 26px; text-align: justify; word-break: break-all; font-family: -apple-system, &amp;quot;SF UI Text&amp;quot;, Arial, &amp;quot;PingFang SC&amp;quot;, &amp;quot;Hiragino Sans GB&amp;quot;, &amp;quot;Microsoft YaHei&amp;quot;, &amp;quot;WenQuanYi Micro Hei&amp;quot;, sans-serif, SimHei, SimSun; white-space: normal; background-color: rgb(255, 255, 255);&quot;&gt;滴滴&lt;/p&gt;&lt;p style=&quot;box-sizing: border-box; outline: 0px; padding: 0px; margin-top: 0px; margin-bottom: 16px; color: rgb(79, 79, 79); line-height: 26px; text-align: justify; word-break: break-all; font-family: -apple-system, &amp;quot;SF UI Text&amp;quot;, Arial, &amp;quot;PingFang SC&amp;quot;, &amp;quot;Hiragino Sans GB&amp;quot;, &amp;quot;Microsoft YaHei&amp;quot;, &amp;quot;WenQuanYi Micro Hei&amp;quot;, sans-serif, SimHei, SimSun; white-space: normal; background-color: rgb(255, 255, 255);&quot;&gt;&lt;img src=&quot;https://img-blog.csdn.net/20180604202225638?watermark/2/text/aHR0cHM6Ly9ibG9nLmNzZG4ubmV0L3dlbmJpdGlhbnhpYWZlbmc=/font/5a6L5L2T/fontsize/400/fill/I0JBQkFCMA==/dissolve/70&quot; alt=&quot;&quot; title=&quot;&quot;/&gt;&lt;/p&gt;&lt;p style=&quot;box-sizing: border-box; outline: 0px; padding: 0px; margin-top: 0px; margin-bottom: 16px; color: rgb(79, 79, 79); line-height: 26px; text-align: justify; word-break: break-all; font-family: -apple-system, &amp;quot;SF UI Text&amp;quot;, Arial, &amp;quot;PingFang SC&amp;quot;, &amp;quot;Hiragino Sans GB&amp;quot;, &amp;quot;Microsoft YaHei&amp;quot;, &amp;quot;WenQuanYi Micro Hei&amp;quot;, sans-serif, SimHei, SimSun; white-space: normal; background-color: rgb(255, 255, 255);&quot;&gt;网易&lt;/p&gt;&lt;p style=&quot;box-sizing: border-box; outline: 0px; padding: 0px; margin-top: 0px; margin-bottom: 16px; color: rgb(79, 79, 79); line-height: 26px; text-align: justify; word-break: break-all; font-family: -apple-system, &amp;quot;SF UI Text&amp;quot;, Arial, &amp;quot;PingFang SC&amp;quot;, &amp;quot;Hiragino Sans GB&amp;quot;, &amp;quot;Microsoft YaHei&amp;quot;, &amp;quot;WenQuanYi Micro Hei&amp;quot;, sans-serif, SimHei, SimSun; white-space: normal; background-color: rgb(255, 255, 255);&quot;&gt;&lt;img src=&quot;https://img-blog.csdn.net/20180604202240214?watermark/2/text/aHR0cHM6Ly9ibG9nLmNzZG4ubmV0L3dlbmJpdGlhbnhpYWZlbmc=/font/5a6L5L2T/fontsize/400/fill/I0JBQkFCMA==/dissolve/70&quot; alt=&quot;&quot; title=&quot;&quot;/&gt;&lt;/p&gt;&lt;p style=&quot;box-sizing: border-box; outline: 0px; padding: 0px; margin-top: 0px; margin-bottom: 16px; color: rgb(79, 79, 79); line-height: 26px; text-align: justify; word-break: break-all; font-family: -apple-system, &amp;quot;SF UI Text&amp;quot;, Arial, &amp;quot;PingFang SC&amp;quot;, &amp;quot;Hiragino Sans GB&amp;quot;, &amp;quot;Microsoft YaHei&amp;quot;, &amp;quot;WenQuanYi Micro Hei&amp;quot;, sans-serif, SimHei, SimSun; white-space: normal; background-color: rgb(255, 255, 255);&quot;&gt;知乎&lt;/p&gt;&lt;p style=&quot;box-sizing: border-box; outline: 0px; padding: 0px; margin-top: 0px; margin-bottom: 16px; color: rgb(79, 79, 79); line-height: 26px; text-align: justify; word-break: break-all; font-family: -apple-system, &amp;quot;SF UI Text&amp;quot;, Arial, &amp;quot;PingFang SC&amp;quot;, &amp;quot;Hiragino Sans GB&amp;quot;, &amp;quot;Microsoft YaHei&amp;quot;, &amp;quot;WenQuanYi Micro Hei&amp;quot;, sans-serif, SimHei, SimSun; white-space: normal; background-color: rgb(255, 255, 255);&quot;&gt;&lt;img src=&quot;https://img-blog.csdn.net/20180604202257305?watermark/2/text/aHR0cHM6Ly9ibG9nLmNzZG4ubmV0L3dlbmJpdGlhbnhpYWZlbmc=/font/5a6L5L2T/fontsize/400/fill/I0JBQkFCMA==/dissolve/70&quot; alt=&quot;&quot; title=&quot;&quot;/&gt;&lt;/p&gt;&lt;p style=&quot;box-sizing: border-box; outline: 0px; padding: 0px; margin-top: 0px; margin-bottom: 16px; color: rgb(79, 79, 79); line-height: 26px; text-align: justify; word-break: break-all; font-family: -apple-system, &amp;quot;SF UI Text&amp;quot;, Arial, &amp;quot;PingFang SC&amp;quot;, &amp;quot;Hiragino Sans GB&amp;quot;, &amp;quot;Microsoft YaHei&amp;quot;, &amp;quot;WenQuanYi Micro Hei&amp;quot;, sans-serif, SimHei, SimSun; white-space: normal; background-color: rgb(255, 255, 255);&quot;&gt;陌陌&lt;/p&gt;&lt;p style=&quot;box-sizing: border-box; outline: 0px; padding: 0px; margin-top: 0px; margin-bottom: 16px; color: rgb(79, 79, 79); line-height: 26px; text-align: justify; word-break: break-all; font-family: -apple-system, &amp;quot;SF UI Text&amp;quot;, Arial, &amp;quot;PingFang SC&amp;quot;, &amp;quot;Hiragino Sans GB&amp;quot;, &amp;quot;Microsoft YaHei&amp;quot;, &amp;quot;WenQuanYi Micro Hei&amp;quot;, sans-serif, SimHei, SimSun; white-space: normal; background-color: rgb(255, 255, 255);&quot;&gt;&lt;img src=&quot;https://img-blog.csdn.net/20180604202317661?watermark/2/text/aHR0cHM6Ly9ibG9nLmNzZG4ubmV0L3dlbmJpdGlhbnhpYWZlbmc=/font/5a6L5L2T/fontsize/400/fill/I0JBQkFCMA==/dissolve/70&quot; alt=&quot;&quot; title=&quot;&quot;/&gt;&lt;/p&gt;&lt;p style=&quot;box-sizing: border-box; outline: 0px; padding: 0px; margin-top: 0px; margin-bottom: 16px; color: rgb(79, 79, 79); line-height: 26px; text-align: justify; word-break: break-all; font-family: -apple-system, &amp;quot;SF UI Text&amp;quot;, Arial, &amp;quot;PingFang SC&amp;quot;, &amp;quot;Hiragino Sans GB&amp;quot;, &amp;quot;Microsoft YaHei&amp;quot;, &amp;quot;WenQuanYi Micro Hei&amp;quot;, sans-serif, SimHei, SimSun; white-space: normal; background-color: rgb(255, 255, 255);&quot;&gt;淘宝&lt;/p&gt;&lt;p style=&quot;box-sizing: border-box; outline: 0px; padding: 0px; margin-top: 0px; margin-bottom: 16px; color: rgb(79, 79, 79); line-height: 26px; text-align: justify; word-break: break-all; font-family: -apple-system, &amp;quot;SF UI Text&amp;quot;, Arial, &amp;quot;PingFang SC&amp;quot;, &amp;quot;Hiragino Sans GB&amp;quot;, &amp;quot;Microsoft YaHei&amp;quot;, &amp;quot;WenQuanYi Micro Hei&amp;quot;, sans-serif, SimHei, SimSun; white-space: normal; background-color: rgb(255, 255, 255);&quot;&gt;&lt;img src=&quot;https://img-blog.csdn.net/20180604202332306?watermark/2/text/aHR0cHM6Ly9ibG9nLmNzZG4ubmV0L3dlbmJpdGlhbnhpYWZlbmc=/font/5a6L5L2T/fontsize/400/fill/I0JBQkFCMA==/dissolve/70&quot; alt=&quot;&quot; title=&quot;&quot;/&gt;&lt;/p&gt;&lt;p style=&quot;box-sizing: border-box; outline: 0px; padding: 0px; margin-top: 0px; margin-bottom: 16px; color: rgb(79, 79, 79); line-height: 26px; text-align: justify; word-break: break-all; font-family: -apple-system, &amp;quot;SF UI Text&amp;quot;, Arial, &amp;quot;PingFang SC&amp;quot;, &amp;quot;Hiragino Sans GB&amp;quot;, &amp;quot;Microsoft YaHei&amp;quot;, &amp;quot;WenQuanYi Micro Hei&amp;quot;, sans-serif, SimHei, SimSun; white-space: normal; background-color: rgb(255, 255, 255);&quot;&gt;唯品会&lt;/p&gt;&lt;p style=&quot;box-sizing: border-box; outline: 0px; padding: 0px; margin-top: 0px; margin-bottom: 16px; color: rgb(79, 79, 79); line-height: 26px; text-align: justify; word-break: break-all; font-family: -apple-system, &amp;quot;SF UI Text&amp;quot;, Arial, &amp;quot;PingFang SC&amp;quot;, &amp;quot;Hiragino Sans GB&amp;quot;, &amp;quot;Microsoft YaHei&amp;quot;, &amp;quot;WenQuanYi Micro Hei&amp;quot;, sans-serif, SimHei, SimSun; white-space: normal; background-color: rgb(255, 255, 255);&quot;&gt;&lt;img src=&quot;https://img-blog.csdn.net/20180604202346427?watermark/2/text/aHR0cHM6Ly9ibG9nLmNzZG4ubmV0L3dlbmJpdGlhbnhpYWZlbmc=/font/5a6L5L2T/fontsize/400/fill/I0JBQkFCMA==/dissolve/70&quot; alt=&quot;&quot; title=&quot;&quot;/&gt;&lt;/p&gt;&lt;p style=&quot;box-sizing: border-box; outline: 0px; padding: 0px; margin-top: 0px; margin-bottom: 16px; color: rgb(79, 79, 79); line-height: 26px; text-align: justify; word-break: break-all; font-family: -apple-system, &amp;quot;SF UI Text&amp;quot;, Arial, &amp;quot;PingFang SC&amp;quot;, &amp;quot;Hiragino Sans GB&amp;quot;, &amp;quot;Microsoft YaHei&amp;quot;, &amp;quot;WenQuanYi Micro Hei&amp;quot;, sans-serif, SimHei, SimSun; white-space: normal; background-color: rgb(255, 255, 255);&quot;&gt;天猫&lt;/p&gt;&lt;p style=&quot;box-sizing: border-box; outline: 0px; padding: 0px; margin-top: 0px; margin-bottom: 16px; color: rgb(79, 79, 79); line-height: 26px; text-align: justify; word-break: break-all; font-family: -apple-system, &amp;quot;SF UI Text&amp;quot;, Arial, &amp;quot;PingFang SC&amp;quot;, &amp;quot;Hiragino Sans GB&amp;quot;, &amp;quot;Microsoft YaHei&amp;quot;, &amp;quot;WenQuanYi Micro Hei&amp;quot;, sans-serif, SimHei, SimSun; white-space: normal; background-color: rgb(255, 255, 255);&quot;&gt;&lt;img src=&quot;https://img-blog.csdn.net/20180604202358837?watermark/2/text/aHR0cHM6Ly9ibG9nLmNzZG4ubmV0L3dlbmJpdGlhbnhpYWZlbmc=/font/5a6L5L2T/fontsize/400/fill/I0JBQkFCMA==/dissolve/70&quot; alt=&quot;&quot; title=&quot;&quot;/&gt;&lt;/p&gt;&lt;p style=&quot;box-sizing: border-box; outline: 0px; padding: 0px; margin-top: 0px; margin-bottom: 16px; color: rgb(79, 79, 79); line-height: 26px; text-align: justify; word-break: break-all; font-family: -apple-system, &amp;quot;SF UI Text&amp;quot;, Arial, &amp;quot;PingFang SC&amp;quot;, &amp;quot;Hiragino Sans GB&amp;quot;, &amp;quot;Microsoft YaHei&amp;quot;, &amp;quot;WenQuanYi Micro Hei&amp;quot;, sans-serif, SimHei, SimSun; white-space: normal; background-color: rgb(255, 255, 255);&quot;&gt;微博&lt;/p&gt;&lt;p style=&quot;box-sizing: border-box; outline: 0px; padding: 0px; margin-top: 0px; margin-bottom: 16px; color: rgb(79, 79, 79); line-height: 26px; text-align: justify; word-break: break-all; font-family: -apple-system, &amp;quot;SF UI Text&amp;quot;, Arial, &amp;quot;PingFang SC&amp;quot;, &amp;quot;Hiragino Sans GB&amp;quot;, &amp;quot;Microsoft YaHei&amp;quot;, &amp;quot;WenQuanYi Micro Hei&amp;quot;, sans-serif, SimHei, SimSun; white-space: normal; background-color: rgb(255, 255, 255);&quot;&gt;&lt;img src=&quot;https://img-blog.csdn.net/20180604202410767?watermark/2/text/aHR0cHM6Ly9ibG9nLmNzZG4ubmV0L3dlbmJpdGlhbnhpYWZlbmc=/font/5a6L5L2T/fontsize/400/fill/I0JBQkFCMA==/dissolve/70&quot; alt=&quot;&quot; title=&quot;&quot;/&gt;&lt;/p&gt;&lt;p style=&quot;box-sizing: border-box; outline: 0px; padding: 0px; margin-top: 0px; margin-bottom: 16px; color: rgb(79, 79, 79); line-height: 26px; text-align: justify; word-break: break-all; font-family: -apple-system, &amp;quot;SF UI Text&amp;quot;, Arial, &amp;quot;PingFang SC&amp;quot;, &amp;quot;Hiragino Sans GB&amp;quot;, &amp;quot;Microsoft YaHei&amp;quot;, &amp;quot;WenQuanYi Micro Hei&amp;quot;, sans-serif, SimHei, SimSun; white-space: normal; background-color: rgb(255, 255, 255);&quot;&gt;美团&lt;/p&gt;&lt;p style=&quot;box-sizing: border-box; outline: 0px; padding: 0px; margin-top: 0px; margin-bottom: 16px; color: rgb(79, 79, 79); line-height: 26px; text-align: justify; word-break: break-all; font-family: -apple-system, &amp;quot;SF UI Text&amp;quot;, Arial, &amp;quot;PingFang SC&amp;quot;, &amp;quot;Hiragino Sans GB&amp;quot;, &amp;quot;Microsoft YaHei&amp;quot;, &amp;quot;WenQuanYi Micro Hei&amp;quot;, sans-serif, SimHei, SimSun; white-space: normal; background-color: rgb(255, 255, 255);&quot;&gt;&lt;img src=&quot;https://img-blog.csdn.net/20180604202422920?watermark/2/text/aHR0cHM6Ly9ibG9nLmNzZG4ubmV0L3dlbmJpdGlhbnhpYWZlbmc=/font/5a6L5L2T/fontsize/400/fill/I0JBQkFCMA==/dissolve/70&quot; alt=&quot;&quot; title=&quot;&quot;/&gt;&lt;/p&gt;&lt;p style=&quot;box-sizing: border-box; outline: 0px; padding: 0px; margin-top: 0px; margin-bottom: 16px; color: rgb(79, 79, 79); line-height: 26px; text-align: justify; word-break: break-all; font-family: -apple-system, &amp;quot;SF UI Text&amp;quot;, Arial, &amp;quot;PingFang SC&amp;quot;, &amp;quot;Hiragino Sans GB&amp;quot;, &amp;quot;Microsoft YaHei&amp;quot;, &amp;quot;WenQuanYi Micro Hei&amp;quot;, sans-serif, SimHei, SimSun; white-space: normal; background-color: rgb(255, 255, 255);&quot;&gt;饿了么&lt;/p&gt;&lt;p style=&quot;box-sizing: border-box; outline: 0px; padding: 0px; margin-top: 0px; margin-bottom: 16px; color: rgb(79, 79, 79); line-height: 26px; text-align: justify; word-break: break-all; font-family: -apple-system, &amp;quot;SF UI Text&amp;quot;, Arial, &amp;quot;PingFang SC&amp;quot;, &amp;quot;Hiragino Sans GB&amp;quot;, &amp;quot;Microsoft YaHei&amp;quot;, &amp;quot;WenQuanYi Micro Hei&amp;quot;, sans-serif, SimHei, SimSun; white-space: normal; background-color: rgb(255, 255, 255);&quot;&gt;&lt;img src=&quot;https://img-blog.csdn.net/20180604202439712?watermark/2/text/aHR0cHM6Ly9ibG9nLmNzZG4ubmV0L3dlbmJpdGlhbnhpYWZlbmc=/font/5a6L5L2T/fontsize/400/fill/I0JBQkFCMA==/dissolve/70&quot; alt=&quot;&quot; title=&quot;&quot;/&gt;&lt;/p&gt;&lt;p style=&quot;box-sizing: border-box; outline: 0px; padding: 0px; margin-top: 0px; margin-bottom: 16px; color: rgb(79, 79, 79); line-height: 26px; text-align: justify; word-break: break-all; font-family: -apple-system, &amp;quot;SF UI Text&amp;quot;, Arial, &amp;quot;PingFang SC&amp;quot;, &amp;quot;Hiragino Sans GB&amp;quot;, &amp;quot;Microsoft YaHei&amp;quot;, &amp;quot;WenQuanYi Micro Hei&amp;quot;, sans-serif, SimHei, SimSun; white-space: normal; background-color: rgb(255, 255, 255);&quot;&gt;一个&lt;/p&gt;&lt;p style=&quot;box-sizing: border-box; outline: 0px; padding: 0px; margin-top: 0px; margin-bottom: 16px; color: rgb(79, 79, 79); line-height: 26px; text-align: justify; word-break: break-all; font-family: -apple-system, &amp;quot;SF UI Text&amp;quot;, Arial, &amp;quot;PingFang SC&amp;quot;, &amp;quot;Hiragino Sans GB&amp;quot;, &amp;quot;Microsoft YaHei&amp;quot;, &amp;quot;WenQuanYi Micro Hei&amp;quot;, sans-serif, SimHei, SimSun; white-space: normal; background-color: rgb(255, 255, 255);&quot;&gt;&lt;img src=&quot;https://img-blog.csdn.net/20180604202450156?watermark/2/text/aHR0cHM6Ly9ibG9nLmNzZG4ubmV0L3dlbmJpdGlhbnhpYWZlbmc=/font/5a6L5L2T/fontsize/400/fill/I0JBQkFCMA==/dissolve/70&quot; alt=&quot;&quot; title=&quot;&quot;/&gt;&lt;/p&gt;&lt;p style=&quot;box-sizing: border-box; outline: 0px; padding: 0px; margin-top: 0px; margin-bottom: 16px; color: rgb(79, 79, 79); line-height: 26px; text-align: justify; word-break: break-all; font-family: -apple-system, &amp;quot;SF UI Text&amp;quot;, Arial, &amp;quot;PingFang SC&amp;quot;, &amp;quot;Hiragino Sans GB&amp;quot;, &amp;quot;Microsoft YaHei&amp;quot;, &amp;quot;WenQuanYi Micro Hei&amp;quot;, sans-serif, SimHei, SimSun; white-space: normal; background-color: rgb(255, 255, 255);&quot;&gt;拼多多（此处请自配音乐）&lt;/p&gt;&lt;p style=&quot;box-sizing: border-box; outline: 0px; padding: 0px; margin-top: 0px; margin-bottom: 16px; color: rgb(79, 79, 79); line-height: 26px; text-align: justify; word-break: break-all; font-family: -apple-system, &amp;quot;SF UI Text&amp;quot;, Arial, &amp;quot;PingFang SC&amp;quot;, &amp;quot;Hiragino Sans GB&amp;quot;, &amp;quot;Microsoft YaHei&amp;quot;, &amp;quot;WenQuanYi Micro Hei&amp;quot;, sans-serif, SimHei, SimSun; white-space: normal; background-color: rgb(255, 255, 255);&quot;&gt;&lt;img src=&quot;https://img-blog.csdn.net/20180604202505895?watermark/2/text/aHR0cHM6Ly9ibG9nLmNzZG4ubmV0L3dlbmJpdGlhbnhpYWZlbmc=/font/5a6L5L2T/fontsize/400/fill/I0JBQkFCMA==/dissolve/70&quot; alt=&quot;&quot; title=&quot;&quot;/&gt;&lt;/p&gt;&lt;p style=&quot;box-sizing: border-box; outline: 0px; padding: 0px; margin-top: 0px; margin-bottom: 16px; color: rgb(79, 79, 79); line-height: 26px; text-align: justify; word-break: break-all; font-family: -apple-system, &amp;quot;SF UI Text&amp;quot;, Arial, &amp;quot;PingFang SC&amp;quot;, &amp;quot;Hiragino Sans GB&amp;quot;, &amp;quot;Microsoft YaHei&amp;quot;, &amp;quot;WenQuanYi Micro Hei&amp;quot;, sans-serif, SimHei, SimSun; white-space: normal; background-color: rgb(255, 255, 255);&quot;&gt;备注：谨以此文感谢在所有程序员朋友的工作与生活中不可或缺、时刻仰仗着的伟大 GitHub 网站，也一并赞誉创造出这么烙入人心的经典 Slogan 语录的 Designers，Thanks Very Much！&lt;/p&gt;&lt;p style=&quot;box-sizing: border-box; outline: 0px; padding: 0px; margin-top: 0px; margin-bottom: 16px; color: rgb(79, 79, 79); line-height: 26px; text-align: justify; word-break: break-all; font-family: -apple-system, &amp;quot;SF UI Text&amp;quot;, Arial, &amp;quot;PingFang SC&amp;quot;, &amp;quot;Hiragino Sans GB&amp;quot;, &amp;quot;Microsoft YaHei&amp;quot;, &amp;quot;WenQuanYi Micro Hei&amp;quot;, sans-serif, SimHei, SimSun; white-space: normal; background-color: rgb(255, 255, 255);&quot;&gt;本文首发于我的微信公众：&lt;span style=&quot;box-sizing: border-box; outline: 0px; font-weight: 700; word-break: break-all;&quot;&gt;安卓笔记侠&lt;/span&gt;，未经授权，请勿转载！&lt;/p&gt;&lt;p&gt;&lt;br/&gt;&lt;/p&gt;', 3, 0, 1, 1529649008, 1529665293, NULL),
(2, '刷新三项世界纪录的跨镜追踪(ReID)技术是怎样实现的？进来了解一下', '/taopapa/public\\news\\5b2c9c83eda80.jpg', 0, 9, '跨镜追踪（Person Re-Identification，简称 ReID）技术是现在计算机视觉研究的热门方向，主要解决跨摄像头跨场景下行人的识别与检索。该技术能够根据行人的穿着、体态、发型等信息认知行人，与人脸识别结合能够适用于更多新的应用场景，将人工智能的认知水平提高到一个新阶段。', '&lt;article&gt;&lt;p style=&quot;box-sizing: border-box; outline: 0px; padding: 0px; margin-top: 0px; margin-bottom: 16px; font-size: 16px; color: rgb(79, 79, 79); line-height: 26px; text-align: justify; word-break: break-all;&quot;&gt;跨镜追踪（Person Re-Identification，简称 ReID）技术是现在计算机视觉研究的热门方向，主要解决跨摄像头跨场景下行人的识别与检索。该技术能够根据行人的穿着、体态、发型等信息认知行人，与人脸识别结合能够适用于更多新的应用场景，将人工智能的认知水平提高到一个新阶段。&lt;/p&gt;&lt;p style=&quot;box-sizing: border-box; outline: 0px; padding: 0px; margin-top: 0px; margin-bottom: 16px; font-size: 16px; color: rgb(79, 79, 79); line-height: 26px; text-align: justify; word-break: break-all;&quot;&gt;ReID 技术与人脸识别技术类似，存在较多的困难点需要克服，例如光线、遮挡、图片模糊等客观因素。另外，行人的穿着多样，同一人穿不同的衣服，不同的人穿相似的衣服等等也对 ReID 技术提出更高的要求。&lt;/p&gt;&lt;p style=&quot;box-sizing: border-box; outline: 0px; padding: 0px; margin-top: 0px; margin-bottom: 16px; font-size: 16px; color: rgb(79, 79, 79); line-height: 26px; text-align: justify; word-break: break-all;&quot;&gt;行人的数据获取难度远远大于人脸数据获取难度，而行人的信息复杂程度又远远大于人脸，这两个因素叠加在一起使得 ReID 技术的算法研究变得更加困难，也更加重要。&lt;/p&gt;&lt;p style=&quot;box-sizing: border-box; outline: 0px; padding: 0px; margin-top: 0px; margin-bottom: 16px; font-size: 16px; color: rgb(79, 79, 79); line-height: 26px; text-align: justify; word-break: break-all;&quot;&gt;日前， 云从科技在 ReID 技术上取得重大突破，同时在 Market-1501，DukeMTMC-reID，CUHK03 三个数据集刷新了世界记录，其中最高在 Market-1501 上的首位命中率（Rank-1 Accuracy）达到 96.6%，让跨镜追踪（ReID）技术在准确率上首次达到商用水平。&lt;/p&gt;&lt;p style=&quot;box-sizing: border-box; outline: 0px; padding: 0px; margin-top: 0px; margin-bottom: 16px; font-size: 16px; color: rgb(79, 79, 79); line-height: 26px; text-align: justify; word-break: break-all;&quot;&gt;本课程邀请到该成果的论文作者袁余锋慷慨分享实现细节及研究心得。&lt;/p&gt;&lt;p style=&quot;box-sizing: border-box; outline: 0px; padding: 0px; margin-top: 0px; margin-bottom: 16px; font-size: 16px; color: rgb(79, 79, 79); line-height: 26px; text-align: justify; word-break: break-all;&quot;&gt;论文地址：&amp;nbsp;&lt;a href=&quot;https://arxiv.org/abs/1804.01438&quot; target=&quot;_blank&quot; style=&quot;box-sizing: border-box; outline: 0px; color: rgb(103, 149, 181); text-decoration-line: none; cursor: pointer; word-break: break-all;&quot;&gt;https://arxiv.org/abs/1804.01438&lt;/a&gt;&lt;/p&gt;&lt;p style=&quot;box-sizing: border-box; outline: 0px; padding: 0px; margin-top: 0px; margin-bottom: 16px; font-size: 16px; color: rgb(79, 79, 79); line-height: 26px; text-align: justify; word-break: break-all;&quot;&gt;&lt;span style=&quot;box-sizing: border-box; outline: 0px; font-weight: 700; word-break: break-all;&quot;&gt;▌课程信息：&lt;/span&gt;&lt;/p&gt;&lt;p style=&quot;box-sizing: border-box; outline: 0px; padding: 0px; margin-top: 0px; margin-bottom: 16px; font-size: 16px; color: rgb(79, 79, 79); line-height: 26px; text-align: justify; word-break: break-all;&quot;&gt;主题：跨镜追踪（ReID）技术实现及应用场景&lt;/p&gt;&lt;p style=&quot;box-sizing: border-box; outline: 0px; padding: 0px; margin-top: 0px; margin-bottom: 16px; font-size: 16px; color: rgb(79, 79, 79); line-height: 26px; text-align: justify; word-break: break-all;&quot;&gt;时间：6月7日 20:00 - 21:00&lt;/p&gt;&lt;p style=&quot;box-sizing: border-box; outline: 0px; padding: 0px; margin-top: 0px; margin-bottom: 16px; font-size: 16px; color: rgb(79, 79, 79); line-height: 26px; text-align: justify; word-break: break-all;&quot;&gt;地点：免费线上直播&lt;/p&gt;&lt;p style=&quot;box-sizing: border-box; outline: 0px; padding: 0px; margin-top: 0px; margin-bottom: 16px; font-size: 16px; color: rgb(79, 79, 79); line-height: 26px; text-align: justify; word-break: break-all;&quot;&gt;&lt;span style=&quot;box-sizing: border-box; outline: 0px; font-weight: 700; word-break: break-all;&quot;&gt;（免费报名地址：&lt;a href=&quot;https://edu.csdn.net/huiyiCourse/detail/788&quot; target=&quot;_blank&quot; style=&quot;box-sizing: border-box; outline: 0px; color: rgb(103, 149, 181); text-decoration-line: none; cursor: pointer; word-break: break-all;&quot;&gt;https://edu.csdn.net/huiyiCourse/detail/788&lt;/a&gt;）&lt;/span&gt;&lt;/p&gt;&lt;p style=&quot;box-sizing: border-box; outline: 0px; padding: 0px; margin-top: 0px; margin-bottom: 16px; font-size: 16px; color: rgb(79, 79, 79); line-height: 26px; text-align: justify; word-break: break-all;&quot;&gt;&lt;span style=&quot;box-sizing: border-box; outline: 0px; font-weight: 700; word-break: break-all;&quot;&gt;▌分享嘉宾：&lt;/span&gt;&lt;/p&gt;&lt;p style=&quot;box-sizing: border-box; outline: 0px; padding: 0px; margin-top: 0px; margin-bottom: 16px; font-size: 16px; color: rgb(79, 79, 79); line-height: 26px; text-align: justify; word-break: break-all;&quot;&gt;袁余锋：云从科技资深算法研究员&lt;/p&gt;&lt;p style=&quot;box-sizing: border-box; outline: 0px; padding: 0px; margin-top: 0px; margin-bottom: 16px; font-size: 16px; color: rgb(79, 79, 79); line-height: 26px; text-align: justify; word-break: break-all;&quot;&gt;2012 年浙江大学硕士毕业，专注于计算机视觉的前沿算法研究及应用落地，由其领导的技术团队最近在 ReID 研究课题上取得重大突破，刷新了三个数据集的世界纪录。&lt;/p&gt;&lt;p style=&quot;box-sizing: border-box; outline: 0px; padding: 0px; margin-top: 0px; margin-bottom: 16px; font-size: 16px; color: rgb(79, 79, 79); line-height: 26px; text-align: justify; word-break: break-all;&quot;&gt;&lt;span style=&quot;box-sizing: border-box; outline: 0px; font-weight: 700; word-break: break-all;&quot;&gt;▌适合对象：&lt;/span&gt;&lt;/p&gt;&lt;p style=&quot;box-sizing: border-box; outline: 0px; padding: 0px; margin-top: 0px; margin-bottom: 16px; font-size: 16px; color: rgb(79, 79, 79); line-height: 26px; text-align: justify; word-break: break-all;&quot;&gt;计算机视觉爱好者、对行人跟踪的技术与应用感兴趣的学习者。&lt;/p&gt;&lt;p style=&quot;box-sizing: border-box; outline: 0px; padding: 0px; margin-top: 0px; margin-bottom: 16px; font-size: 16px; color: rgb(79, 79, 79); line-height: 26px; text-align: justify; word-break: break-all;&quot;&gt;&lt;span style=&quot;box-sizing: border-box; outline: 0px; font-weight: 700; word-break: break-all;&quot;&gt;▌课程大纲：&lt;/span&gt;&lt;/p&gt;&lt;p style=&quot;box-sizing: border-box; outline: 0px; padding: 0px; margin-top: 0px; margin-bottom: 16px; font-size: 16px; color: rgb(79, 79, 79); line-height: 26px; text-align: justify; word-break: break-all;&quot;&gt;（1）ReID 的研究课题产生背景与入门介绍&lt;/p&gt;&lt;p style=&quot;box-sizing: border-box; outline: 0px; padding: 0px; margin-top: 0px; margin-bottom: 16px; font-size: 16px; color: rgb(79, 79, 79); line-height: 26px; text-align: justify; word-break: break-all;&quot;&gt;（2）常用数据集与评价指标简介&lt;/p&gt;&lt;p style=&quot;box-sizing: border-box; outline: 0px; padding: 0px; margin-top: 0px; margin-bottom: 16px; font-size: 16px; color: rgb(79, 79, 79); line-height: 26px; text-align: justify; word-break: break-all;&quot;&gt;（3）独创的多粒度网络（MGN）的结构设计与技术实现&lt;/p&gt;&lt;p style=&quot;box-sizing: border-box; outline: 0px; padding: 0px; margin-top: 0px; margin-bottom: 16px; font-size: 16px; color: rgb(79, 79, 79); line-height: 26px; text-align: justify; word-break: break-all;&quot;&gt;（4）ReID 在行人跟踪中的应用分析与技术展望&lt;/p&gt;&lt;p style=&quot;box-sizing: border-box; outline: 0px; padding: 0px; margin-top: 0px; margin-bottom: 16px; font-size: 16px; color: rgb(79, 79, 79); line-height: 26px; text-align: justify; word-break: break-all;&quot;&gt;&lt;span style=&quot;box-sizing: border-box; outline: 0px; font-weight: 700; word-break: break-all;&quot;&gt;▌课程安排：&lt;/span&gt;&lt;/p&gt;&lt;p style=&quot;box-sizing: border-box; outline: 0px; padding: 0px; margin-top: 0px; margin-bottom: 16px; font-size: 16px; color: rgb(79, 79, 79); line-height: 26px; text-align: justify; word-break: break-all;&quot;&gt;19:45&mdash;20:00 学员提前入场&lt;/p&gt;&lt;p style=&quot;box-sizing: border-box; outline: 0px; padding: 0px; margin-top: 0px; margin-bottom: 16px; font-size: 16px; color: rgb(79, 79, 79); line-height: 26px; text-align: justify; word-break: break-all;&quot;&gt;20:00&mdash;20:50 讲师课程分享&lt;/p&gt;&lt;p style=&quot;box-sizing: border-box; outline: 0px; padding: 0px; margin-top: 0px; margin-bottom: 16px; font-size: 16px; color: rgb(79, 79, 79); line-height: 26px; text-align: justify; word-break: break-all;&quot;&gt;20:50&mdash;21:00 讲师答疑环节&lt;/p&gt;&lt;p style=&quot;box-sizing: border-box; outline: 0px; padding: 0px; margin-top: 0px; margin-bottom: 16px; font-size: 16px; color: rgb(79, 79, 79); line-height: 26px; text-align: justify; word-break: break-all;&quot;&gt;&lt;span style=&quot;box-sizing: border-box; outline: 0px; font-weight: 700; word-break: break-all;&quot;&gt;▌温馨提醒&lt;/span&gt;&lt;/p&gt;&lt;p style=&quot;box-sizing: border-box; outline: 0px; padding: 0px; margin-top: 0px; margin-bottom: 16px; font-size: 16px; color: rgb(79, 79, 79); line-height: 26px; text-align: justify; word-break: break-all;&quot;&gt;1、开课前会有短信提醒或者邮件提醒，请报名的时候填写正确的手机号码及邮箱地址。&lt;/p&gt;&lt;p style=&quot;box-sizing: border-box; outline: 0px; padding: 0px; margin-top: 0px; margin-bottom: 16px; font-size: 16px; color: rgb(79, 79, 79); line-height: 26px; text-align: justify; word-break: break-all;&quot;&gt;2、开课后 2-3 个工作日内会上传本节课的视频回放，报名后回放视频不限时观看。&lt;/p&gt;&lt;p style=&quot;box-sizing: border-box; outline: 0px; padding: 0px; margin-top: 0px; margin-bottom: 16px; font-size: 16px; color: rgb(79, 79, 79); line-height: 26px; text-align: justify; word-break: break-all;&quot;&gt;&lt;span style=&quot;box-sizing: border-box; outline: 0px; font-weight: 700; word-break: break-all;&quot;&gt;▌报名方式&lt;/span&gt;&lt;/p&gt;&lt;p style=&quot;box-sizing: border-box; outline: 0px; padding: 0px; margin-top: 0px; margin-bottom: 16px; font-size: 16px; color: rgb(79, 79, 79); line-height: 26px; text-align: justify; word-break: break-all;&quot;&gt;&lt;span style=&quot;box-sizing: border-box; outline: 0px; font-weight: 700; word-break: break-all;&quot;&gt;点击链接，免费报名：&lt;a href=&quot;https://edu.csdn.net/huiyiCourse/detail/788&quot; target=&quot;_blank&quot; style=&quot;box-sizing: border-box; outline: 0px; color: rgb(103, 149, 181); text-decoration-line: none; cursor: pointer; word-break: break-all;&quot;&gt;https://edu.csdn.net/huiyiCourse/detail/788&lt;/a&gt;&lt;/span&gt;&lt;/p&gt;&lt;p style=&quot;box-sizing: border-box; outline: 0px; padding: 0px; margin-top: 0px; margin-bottom: 16px; font-size: 16px; color: rgb(79, 79, 79); line-height: 26px; text-align: justify; word-break: break-all;&quot;&gt;或者识别下方二维码免费报名&lt;/p&gt;&lt;p style=&quot;box-sizing: border-box; outline: 0px; padding: 0px; margin-top: 0px; margin-bottom: 16px; font-size: 16px; color: rgb(79, 79, 79); line-height: 26px; text-align: justify; word-break: break-all;&quot;&gt;&lt;br/&gt;&lt;/p&gt;&lt;center&gt;&lt;img src=&quot;https://img-blog.csdn.net/20180604102711994?watermark/2/text/aHR0cHM6Ly9ibG9nLmNzZG4ubmV0L2RRQ0ZLeVFEWFltM0Y4ckIw/font/5a6L5L2T/fontsize/400/fill/I0JBQkFCMA==/dissolve/70&quot; alt=&quot;这里写图片描述&quot; title=&quot;&quot;/&gt;&lt;/center&gt;&lt;p style=&quot;box-sizing: border-box; outline: 0px; padding: 0px; margin-top: 0px; margin-bottom: 16px; font-size: 16px; color: rgb(79, 79, 79); line-height: 26px; text-align: justify; word-break: break-all;&quot;&gt;&lt;br/&gt;&lt;/p&gt;&lt;p style=&quot;box-sizing: border-box; outline: 0px; padding: 0px; margin-top: 0px; margin-bottom: 16px; font-size: 16px; color: rgb(79, 79, 79); line-height: 26px; text-align: justify; word-break: break-all;&quot;&gt;&lt;br/&gt;&lt;/p&gt;&lt;center&gt;一起学习ReID&lt;/center&gt;&lt;p style=&quot;box-sizing: border-box; outline: 0px; padding: 0px; margin-top: 0px; margin-bottom: 16px; font-size: 16px; color: rgb(79, 79, 79); line-height: 26px; text-align: justify; word-break: break-all;&quot;&gt;&lt;br/&gt;&lt;/p&gt;&lt;p style=&quot;box-sizing: border-box; outline: 0px; padding: 0px; margin-top: 0px; margin-bottom: 16px; font-size: 16px; color: rgb(79, 79, 79); line-height: 26px; text-align: justify; word-break: break-all;&quot;&gt;识别海报二维码，添加小助手，加入课程交流群，嘉宾 PPT 及整理笔记将在直播结束后在群内公开。&lt;/p&gt;&lt;p style=&quot;box-sizing: border-box; outline: 0px; padding: 0px; margin-top: 0px; margin-bottom: 16px; font-size: 16px; color: rgb(79, 79, 79); line-height: 26px; text-align: justify; word-break: break-all;&quot;&gt;&lt;br/&gt;&lt;/p&gt;&lt;center&gt;&lt;img src=&quot;https://img-blog.csdn.net/20180604102733849?watermark/2/text/aHR0cHM6Ly9ibG9nLmNzZG4ubmV0L2RRQ0ZLeVFEWFltM0Y4ckIw/font/5a6L5L2T/fontsize/400/fill/I0JBQkFCMA==/dissolve/70&quot; alt=&quot;这里写图片描述&quot; title=&quot;&quot;/&gt;&lt;/center&gt;&lt;p style=&quot;box-sizing: border-box; outline: 0px; padding: 0px; margin-top: 0px; margin-bottom: 16px; font-size: 16px; color: rgb(79, 79, 79); line-height: 26px; text-align: justify; word-break: break-all;&quot;&gt;&lt;br/&gt;&lt;/p&gt;&lt;/article&gt;&lt;p&gt;版权声明：本文为博主原创文章，未经博主允许不得转载。	https://blog.csdn.net/dQCFKyQDXYm3F8rB0/article/details/80563893&lt;/p&gt;&lt;p&gt;&lt;br/&gt;&lt;/p&gt;', 3, 0, 1, 1529650307, 1529665229, NULL);
INSERT INTO `work_article` (`id`, `title`, `logo`, `author_id`, `category_id`, `description`, `content`, `comment_num`, `up`, `status`, `create_time`, `update_time`, `delete_time`) VALUES
(3, '何为技术人的核心竞争力', '/taopapa/public\\news\\5b2c9e0f183ed.png', 0, 10, 'https://www.jianshu.com/p/fe3c88d490b6', '&lt;p style=&quot;box-sizing: border-box; outline: 0px; padding: 0px; margin-top: 0px; margin-bottom: 16px; color: rgb(79, 79, 79); line-height: 26px; text-align: justify; word-break: break-all; font-family: &amp;quot;PingFang SC&amp;quot;, &amp;quot;Microsoft YaHei&amp;quot;, SimHei, Arial, SimSun; white-space: normal; background-color: rgb(255, 255, 255); letter-spacing: 0.5px;&quot;&gt;&lt;span style=&quot;box-sizing: border-box; outline: 0px; word-break: break-all; font-size: 15px; font-family: Optima-Regular, PingFangTC-light;&quot;&gt;在寂静的夜晚上，独自一人在书房中，望着窗外，一片灯火阑珊，一条车水马龙。&lt;/span&gt;&lt;/p&gt;&lt;p style=&quot;box-sizing: border-box; outline: 0px; padding: 0px; margin-top: 0px; margin-bottom: 16px; color: rgb(79, 79, 79); line-height: 26px; text-align: justify; word-break: break-all; font-family: &amp;quot;PingFang SC&amp;quot;, &amp;quot;Microsoft YaHei&amp;quot;, SimHei, Arial, SimSun; white-space: normal; background-color: rgb(255, 255, 255); letter-spacing: 0.5px;&quot;&gt;&lt;span style=&quot;box-sizing: border-box; outline: 0px; word-break: break-all; font-size: 15px; font-family: Optima-Regular, PingFangTC-light;&quot;&gt;&lt;br/&gt;&lt;/span&gt;&lt;/p&gt;&lt;p style=&quot;box-sizing: border-box; outline: 0px; padding: 0px; margin-top: 0px; margin-bottom: 16px; color: rgb(79, 79, 79); line-height: 26px; text-align: justify; word-break: break-all; font-family: &amp;quot;PingFang SC&amp;quot;, &amp;quot;Microsoft YaHei&amp;quot;, SimHei, Arial, SimSun; white-space: normal; background-color: rgb(255, 255, 255); letter-spacing: 0.5px;&quot;&gt;&lt;span style=&quot;box-sizing: border-box; outline: 0px; word-break: break-all; font-size: 15px; font-family: Optima-Regular, PingFangTC-light;&quot;&gt;不禁让我抬头四十五度，望着那轮朦胧泛黄的新月，又开始思考起自己的人生。&lt;/span&gt;&lt;/p&gt;&lt;p style=&quot;box-sizing: border-box; outline: 0px; padding: 0px; margin-top: 0px; margin-bottom: 16px; color: rgb(79, 79, 79); line-height: 26px; text-align: justify; word-break: break-all; font-family: &amp;quot;PingFang SC&amp;quot;, &amp;quot;Microsoft YaHei&amp;quot;, SimHei, Arial, SimSun; white-space: normal; background-color: rgb(255, 255, 255); letter-spacing: 0.5px;&quot;&gt;&lt;span style=&quot;box-sizing: border-box; outline: 0px; word-break: break-all; font-size: 15px; font-family: Optima-Regular, PingFangTC-light;&quot;&gt;&lt;br/&gt;&lt;/span&gt;&lt;/p&gt;&lt;p style=&quot;box-sizing: border-box; outline: 0px; padding: 0px; margin-top: 0px; margin-bottom: 16px; color: rgb(79, 79, 79); line-height: 26px; text-align: justify; word-break: break-all; font-family: &amp;quot;PingFang SC&amp;quot;, &amp;quot;Microsoft YaHei&amp;quot;, SimHei, Arial, SimSun; white-space: normal; background-color: rgb(255, 255, 255); letter-spacing: 0.5px;&quot;&gt;&lt;span style=&quot;box-sizing: border-box; outline: 0px; word-break: break-all; font-size: 15px; font-family: Optima-Regular, PingFangTC-light;&quot;&gt;最初接触编程的是高中碰到的谭浩强的那本《C程序设计》，是不是一本好书，我不想做评价。&lt;/span&gt;&lt;/p&gt;&lt;p style=&quot;box-sizing: border-box; outline: 0px; padding: 0px; margin-top: 0px; margin-bottom: 16px; color: rgb(79, 79, 79); line-height: 26px; text-align: justify; word-break: break-all; font-family: &amp;quot;PingFang SC&amp;quot;, &amp;quot;Microsoft YaHei&amp;quot;, SimHei, Arial, SimSun; white-space: normal; background-color: rgb(255, 255, 255); letter-spacing: 0.5px;&quot;&gt;&lt;span style=&quot;box-sizing: border-box; outline: 0px; word-break: break-all; font-size: 15px; font-family: Optima-Regular, PingFangTC-light;&quot;&gt;&lt;br/&gt;&lt;/span&gt;&lt;/p&gt;&lt;p style=&quot;box-sizing: border-box; outline: 0px; padding: 0px; margin-top: 0px; margin-bottom: 16px; color: rgb(79, 79, 79); line-height: 26px; text-align: justify; word-break: break-all; font-family: &amp;quot;PingFang SC&amp;quot;, &amp;quot;Microsoft YaHei&amp;quot;, SimHei, Arial, SimSun; white-space: normal; background-color: rgb(255, 255, 255); letter-spacing: 0.5px;&quot;&gt;&lt;span style=&quot;box-sizing: border-box; outline: 0px; word-break: break-all; font-size: 15px; font-family: Optima-Regular, PingFangTC-light;&quot;&gt;可能是因为我天资愚钝，没能通过自学看懂这本书。&lt;/span&gt;&lt;/p&gt;&lt;p style=&quot;box-sizing: border-box; outline: 0px; padding: 0px; margin-top: 0px; margin-bottom: 16px; color: rgb(79, 79, 79); line-height: 26px; text-align: justify; word-break: break-all; font-family: &amp;quot;PingFang SC&amp;quot;, &amp;quot;Microsoft YaHei&amp;quot;, SimHei, Arial, SimSun; white-space: normal; background-color: rgb(255, 255, 255); letter-spacing: 0.5px;&quot;&gt;&lt;span style=&quot;box-sizing: border-box; outline: 0px; word-break: break-all; font-size: 15px; font-family: Optima-Regular, PingFangTC-light;&quot;&gt;&lt;br/&gt;&lt;/span&gt;&lt;/p&gt;&lt;p style=&quot;box-sizing: border-box; outline: 0px; padding: 0px; margin-top: 0px; margin-bottom: 16px; color: rgb(79, 79, 79); line-height: 26px; text-align: justify; word-break: break-all; font-family: &amp;quot;PingFang SC&amp;quot;, &amp;quot;Microsoft YaHei&amp;quot;, SimHei, Arial, SimSun; white-space: normal; background-color: rgb(255, 255, 255); letter-spacing: 0.5px;&quot;&gt;&lt;span style=&quot;box-sizing: border-box; outline: 0px; word-break: break-all; font-size: 15px; font-family: Optima-Regular, PingFangTC-light;&quot;&gt;如果说从大学开始真正拥有编程技能，到现在，已经过去五年光阴，毕业也已经有一年有余。&lt;/span&gt;&lt;/p&gt;&lt;p style=&quot;box-sizing: border-box; outline: 0px; padding: 0px; margin-top: 0px; margin-bottom: 16px; color: rgb(79, 79, 79); line-height: 26px; text-align: justify; word-break: break-all; font-family: &amp;quot;PingFang SC&amp;quot;, &amp;quot;Microsoft YaHei&amp;quot;, SimHei, Arial, SimSun; white-space: normal; background-color: rgb(255, 255, 255); letter-spacing: 0.5px;&quot;&gt;&lt;span style=&quot;box-sizing: border-box; outline: 0px; word-break: break-all; font-size: 15px; font-family: Optima-Regular, PingFangTC-light;&quot;&gt;&lt;br/&gt;&lt;/span&gt;&lt;/p&gt;&lt;p style=&quot;box-sizing: border-box; outline: 0px; padding: 0px; margin-top: 0px; margin-bottom: 16px; color: rgb(79, 79, 79); line-height: 26px; text-align: justify; word-break: break-all; font-family: &amp;quot;PingFang SC&amp;quot;, &amp;quot;Microsoft YaHei&amp;quot;, SimHei, Arial, SimSun; white-space: normal; background-color: rgb(255, 255, 255); letter-spacing: 0.5px;&quot;&gt;&lt;span style=&quot;box-sizing: border-box; outline: 0px; word-break: break-all; font-size: 15px; font-family: Optima-Regular, PingFangTC-light;&quot;&gt;虽然自小对计算机(或者说是电脑)感兴趣，但是也因为自身贪玩，兴趣泛滥，好奇心爆棚的个人属性，以致并没有把大部分时间投入这个编程兴趣中。&lt;/span&gt;&lt;/p&gt;&lt;p style=&quot;box-sizing: border-box; outline: 0px; padding: 0px; margin-top: 0px; margin-bottom: 16px; color: rgb(79, 79, 79); line-height: 26px; text-align: justify; word-break: break-all; font-family: &amp;quot;PingFang SC&amp;quot;, &amp;quot;Microsoft YaHei&amp;quot;, SimHei, Arial, SimSun; white-space: normal; background-color: rgb(255, 255, 255); letter-spacing: 0.5px;&quot;&gt;&lt;span style=&quot;box-sizing: border-box; outline: 0px; word-break: break-all; font-size: 15px; font-family: Optima-Regular, PingFangTC-light;&quot;&gt;&lt;br/&gt;&lt;/span&gt;&lt;/p&gt;&lt;p style=&quot;box-sizing: border-box; outline: 0px; padding: 0px; margin-top: 0px; margin-bottom: 16px; color: rgb(79, 79, 79); line-height: 26px; text-align: justify; word-break: break-all; font-family: &amp;quot;PingFang SC&amp;quot;, &amp;quot;Microsoft YaHei&amp;quot;, SimHei, Arial, SimSun; white-space: normal; background-color: rgb(255, 255, 255); letter-spacing: 0.5px;&quot;&gt;&lt;span style=&quot;box-sizing: border-box; outline: 0px; word-break: break-all; font-size: 15px; font-family: Optima-Regular, PingFangTC-light;&quot;&gt;要说我编程的功底，也就只有两年的功力。&lt;/span&gt;&lt;/p&gt;&lt;p style=&quot;box-sizing: border-box; outline: 0px; padding: 0px; margin-top: 0px; margin-bottom: 16px; color: rgb(79, 79, 79); line-height: 26px; text-align: justify; word-break: break-all; font-family: &amp;quot;PingFang SC&amp;quot;, &amp;quot;Microsoft YaHei&amp;quot;, SimHei, Arial, SimSun; white-space: normal; background-color: rgb(255, 255, 255); letter-spacing: 0.5px;&quot;&gt;&lt;span style=&quot;box-sizing: border-box; outline: 0px; word-break: break-all; font-size: 15px; font-family: Optima-Regular, PingFangTC-light;&quot;&gt;&lt;br/&gt;&lt;/span&gt;&lt;/p&gt;&lt;p style=&quot;box-sizing: border-box; outline: 0px; padding: 0px; margin-top: 0px; margin-bottom: 16px; color: rgb(79, 79, 79); line-height: 26px; text-align: justify; word-break: break-all; font-family: &amp;quot;PingFang SC&amp;quot;, &amp;quot;Microsoft YaHei&amp;quot;, SimHei, Arial, SimSun; white-space: normal; background-color: rgb(255, 255, 255); letter-spacing: 0.5px;&quot;&gt;&lt;span style=&quot;box-sizing: border-box; outline: 0px; word-break: break-all; font-size: 15px; font-family: Optima-Regular, PingFangTC-light;&quot;&gt;在一件事情上投入的越多，就会让我更加思考自己正在做的，正在走的方向。&lt;/span&gt;&lt;/p&gt;&lt;p style=&quot;box-sizing: border-box; outline: 0px; padding: 0px; margin-top: 0px; margin-bottom: 16px; color: rgb(79, 79, 79); line-height: 26px; text-align: justify; word-break: break-all; font-family: &amp;quot;PingFang SC&amp;quot;, &amp;quot;Microsoft YaHei&amp;quot;, SimHei, Arial, SimSun; white-space: normal; background-color: rgb(255, 255, 255); letter-spacing: 0.5px;&quot;&gt;&lt;span style=&quot;box-sizing: border-box; outline: 0px; word-break: break-all; font-size: 15px; font-family: Optima-Regular, PingFangTC-light;&quot;&gt;&lt;br/&gt;&lt;/span&gt;&lt;/p&gt;&lt;p style=&quot;box-sizing: border-box; outline: 0px; padding: 0px; margin-top: 0px; margin-bottom: 16px; color: rgb(79, 79, 79); line-height: 26px; text-align: justify; word-break: break-all; font-family: &amp;quot;PingFang SC&amp;quot;, &amp;quot;Microsoft YaHei&amp;quot;, SimHei, Arial, SimSun; white-space: normal; background-color: rgb(255, 255, 255); letter-spacing: 0.5px;&quot;&gt;&lt;span style=&quot;box-sizing: border-box; outline: 0px; word-break: break-all; font-size: 15px; font-family: Optima-Regular, PingFangTC-light;&quot;&gt;在高速发展，日新月异的技术圈子中，到底哪些是不变的，或可沉淀的东西。&lt;/span&gt;&lt;/p&gt;&lt;p style=&quot;box-sizing: border-box; outline: 0px; padding: 0px; margin-top: 0px; margin-bottom: 16px; color: rgb(79, 79, 79); line-height: 26px; text-align: justify; word-break: break-all; font-family: &amp;quot;PingFang SC&amp;quot;, &amp;quot;Microsoft YaHei&amp;quot;, SimHei, Arial, SimSun; white-space: normal; background-color: rgb(255, 255, 255); letter-spacing: 0.5px;&quot;&gt;&lt;span style=&quot;box-sizing: border-box; outline: 0px; word-break: break-all; font-size: 15px; font-family: Optima-Regular, PingFangTC-light;&quot;&gt;&lt;br/&gt;&lt;/span&gt;&lt;/p&gt;&lt;p style=&quot;box-sizing: border-box; outline: 0px; padding: 0px; margin-top: 0px; margin-bottom: 16px; color: rgb(79, 79, 79); line-height: 26px; text-align: justify; word-break: break-all; font-family: &amp;quot;PingFang SC&amp;quot;, &amp;quot;Microsoft YaHei&amp;quot;, SimHei, Arial, SimSun; white-space: normal; background-color: rgb(255, 255, 255); letter-spacing: 0.5px;&quot;&gt;&lt;span style=&quot;box-sizing: border-box; outline: 0px; word-break: break-all; font-size: 15px; font-family: Optima-Regular, PingFangTC-light;&quot;&gt;渐渐的会想到这样的一个问题：&lt;/span&gt;&lt;/p&gt;&lt;p style=&quot;box-sizing: border-box; outline: 0px; padding: 0px; margin-top: 0px; margin-bottom: 16px; color: rgb(79, 79, 79); line-height: 26px; text-align: justify; word-break: break-all; font-family: &amp;quot;PingFang SC&amp;quot;, &amp;quot;Microsoft YaHei&amp;quot;, SimHei, Arial, SimSun; white-space: normal; background-color: rgb(255, 255, 255); letter-spacing: 0.5px;&quot;&gt;&lt;span style=&quot;box-sizing: border-box; outline: 0px; word-break: break-all; font-size: 15px; font-family: Optima-Regular, PingFangTC-light;&quot;&gt;技术人的核心竞争力到底是什么？&lt;/span&gt;&lt;/p&gt;&lt;p style=&quot;box-sizing: border-box; outline: 0px; padding: 0px; margin-top: 0px; margin-bottom: 16px; color: rgb(79, 79, 79); line-height: 26px; text-align: justify; word-break: break-all; font-family: &amp;quot;PingFang SC&amp;quot;, &amp;quot;Microsoft YaHei&amp;quot;, SimHei, Arial, SimSun; white-space: normal; background-color: rgb(255, 255, 255); letter-spacing: 0.5px;&quot;&gt;&lt;span style=&quot;box-sizing: border-box; outline: 0px; word-break: break-all; font-size: 15px; font-family: Optima-Regular, PingFangTC-light;&quot;&gt;&lt;br/&gt;&lt;/span&gt;&lt;/p&gt;&lt;p style=&quot;box-sizing: border-box; outline: 0px; padding: 0px; margin-top: 0px; margin-bottom: 16px; color: rgb(79, 79, 79); line-height: 26px; text-align: justify; word-break: break-all; font-family: &amp;quot;PingFang SC&amp;quot;, &amp;quot;Microsoft YaHei&amp;quot;, SimHei, Arial, SimSun; white-space: normal; background-color: rgb(255, 255, 255); letter-spacing: 0.5px;&quot;&gt;&lt;span style=&quot;box-sizing: border-box; outline: 0px; word-break: break-all; font-size: 15px; font-family: Optima-Regular, PingFangTC-light;&quot;&gt;今天受刘未鹏先生在书中《暗时间》的介绍，阅读了孟岩老师的「技术路线的选择重要但不具有决定性」，这篇文章正好给最近被这个问题困扰的我拨开了一些迷雾。&lt;/span&gt;&lt;/p&gt;&lt;p style=&quot;box-sizing: border-box; outline: 0px; padding: 0px; margin-top: 0px; margin-bottom: 16px; color: rgb(79, 79, 79); line-height: 26px; text-align: justify; word-break: break-all; font-family: &amp;quot;PingFang SC&amp;quot;, &amp;quot;Microsoft YaHei&amp;quot;, SimHei, Arial, SimSun; white-space: normal; background-color: rgb(255, 255, 255); letter-spacing: 0.5px;&quot;&gt;&lt;span style=&quot;box-sizing: border-box; outline: 0px; word-break: break-all; font-size: 15px; font-family: Optima-Regular, PingFangTC-light;&quot;&gt;&lt;br/&gt;&lt;/span&gt;&lt;/p&gt;&lt;p style=&quot;box-sizing: border-box; outline: 0px; padding: 0px; margin-top: 0px; margin-bottom: 16px; color: rgb(79, 79, 79); line-height: 26px; text-align: justify; word-break: break-all; font-family: &amp;quot;PingFang SC&amp;quot;, &amp;quot;Microsoft YaHei&amp;quot;, SimHei, Arial, SimSun; white-space: normal; background-color: rgb(255, 255, 255); letter-spacing: 0.5px;&quot;&gt;&lt;span style=&quot;box-sizing: border-box; outline: 0px; word-break: break-all; font-size: 15px; font-family: Optima-Regular, PingFangTC-light;&quot;&gt;这是一篇2008年发表的旧文，文中的观点给了我很多启发，但我也不会有相见恨晚的感觉。就算很早遇到这篇文章，也不会有经历过的事情以及思考过的问题作为基础，故也不能理解体会其中的意思。现在时机正好。&lt;/span&gt;&lt;/p&gt;&lt;p style=&quot;box-sizing: border-box; outline: 0px; padding: 0px; margin-top: 0px; margin-bottom: 16px; color: rgb(79, 79, 79); line-height: 26px; text-align: justify; word-break: break-all; font-family: &amp;quot;PingFang SC&amp;quot;, &amp;quot;Microsoft YaHei&amp;quot;, SimHei, Arial, SimSun; white-space: normal; background-color: rgb(255, 255, 255); letter-spacing: 0.5px;&quot;&gt;&lt;span style=&quot;box-sizing: border-box; outline: 0px; word-break: break-all; font-size: 15px; font-family: Optima-Regular, PingFangTC-light;&quot;&gt;&lt;br/&gt;&lt;/span&gt;&lt;/p&gt;&lt;p style=&quot;box-sizing: border-box; outline: 0px; padding: 0px; margin-top: 0px; margin-bottom: 16px; color: rgb(79, 79, 79); line-height: 26px; text-align: justify; word-break: break-all; font-family: &amp;quot;PingFang SC&amp;quot;, &amp;quot;Microsoft YaHei&amp;quot;, SimHei, Arial, SimSun; white-space: normal; background-color: rgb(255, 255, 255); letter-spacing: 0.5px;&quot;&gt;&lt;span style=&quot;box-sizing: border-box; outline: 0px; word-break: break-all; font-size: 15px; font-family: Optima-Regular, PingFangTC-light;&quot;&gt;文中把技术人大致的分了四类：&lt;/span&gt;&lt;/p&gt;&lt;p style=&quot;box-sizing: border-box; outline: 0px; padding: 0px; margin-top: 0px; margin-bottom: 16px; color: rgb(79, 79, 79); line-height: 26px; text-align: justify; word-break: break-all; font-family: &amp;quot;PingFang SC&amp;quot;, &amp;quot;Microsoft YaHei&amp;quot;, SimHei, Arial, SimSun; white-space: normal; background-color: rgb(255, 255, 255); letter-spacing: 0.5px;&quot;&gt;&lt;span style=&quot;box-sizing: border-box; outline: 0px; word-break: break-all; font-size: 15px; font-family: Optima-Regular, PingFangTC-light;&quot;&gt;把命运寄托在事业上的人&lt;/span&gt;&lt;/p&gt;&lt;p style=&quot;box-sizing: border-box; outline: 0px; padding: 0px; margin-top: 0px; margin-bottom: 16px; color: rgb(79, 79, 79); line-height: 26px; text-align: justify; word-break: break-all; font-family: &amp;quot;PingFang SC&amp;quot;, &amp;quot;Microsoft YaHei&amp;quot;, SimHei, Arial, SimSun; white-space: normal; background-color: rgb(255, 255, 255); letter-spacing: 0.5px;&quot;&gt;&lt;span style=&quot;box-sizing: border-box; outline: 0px; word-break: break-all; font-size: 15px; font-family: Optima-Regular, PingFangTC-light;&quot;&gt;把命运寄托在组织上的人&lt;/span&gt;&lt;/p&gt;&lt;p style=&quot;box-sizing: border-box; outline: 0px; padding: 0px; margin-top: 0px; margin-bottom: 16px; color: rgb(79, 79, 79); line-height: 26px; text-align: justify; word-break: break-all; font-family: &amp;quot;PingFang SC&amp;quot;, &amp;quot;Microsoft YaHei&amp;quot;, SimHei, Arial, SimSun; white-space: normal; background-color: rgb(255, 255, 255); letter-spacing: 0.5px;&quot;&gt;&lt;span style=&quot;box-sizing: border-box; outline: 0px; word-break: break-all; font-size: 15px; font-family: Optima-Regular, PingFangTC-light;&quot;&gt;把命运寄托在技术上的人&lt;/span&gt;&lt;/p&gt;&lt;p style=&quot;box-sizing: border-box; outline: 0px; padding: 0px; margin-top: 0px; margin-bottom: 16px; color: rgb(79, 79, 79); line-height: 26px; text-align: justify; word-break: break-all; font-family: &amp;quot;PingFang SC&amp;quot;, &amp;quot;Microsoft YaHei&amp;quot;, SimHei, Arial, SimSun; white-space: normal; background-color: rgb(255, 255, 255); letter-spacing: 0.5px;&quot;&gt;&lt;span style=&quot;box-sizing: border-box; outline: 0px; word-break: break-all; font-size: 15px; font-family: Optima-Regular, PingFangTC-light;&quot;&gt;仍然处于出卖劳动力的人&lt;/span&gt;&lt;/p&gt;&lt;p style=&quot;box-sizing: border-box; outline: 0px; padding: 0px; margin-top: 0px; margin-bottom: 16px; color: rgb(79, 79, 79); line-height: 26px; text-align: justify; word-break: break-all; font-family: &amp;quot;PingFang SC&amp;quot;, &amp;quot;Microsoft YaHei&amp;quot;, SimHei, Arial, SimSun; white-space: normal; background-color: rgb(255, 255, 255); letter-spacing: 0.5px;&quot;&gt;&lt;span style=&quot;box-sizing: border-box; outline: 0px; word-break: break-all; font-size: 15px; font-family: Optima-Regular, PingFangTC-light;&quot;&gt;&lt;br/&gt;&lt;/span&gt;&lt;/p&gt;&lt;p style=&quot;box-sizing: border-box; outline: 0px; padding: 0px; margin-top: 0px; margin-bottom: 16px; color: rgb(79, 79, 79); line-height: 26px; text-align: justify; word-break: break-all; font-family: &amp;quot;PingFang SC&amp;quot;, &amp;quot;Microsoft YaHei&amp;quot;, SimHei, Arial, SimSun; white-space: normal; background-color: rgb(255, 255, 255); letter-spacing: 0.5px;&quot;&gt;&lt;span style=&quot;box-sizing: border-box; outline: 0px; font-weight: 700; word-break: break-all;&quot;&gt;&lt;span style=&quot;box-sizing: border-box; outline: 0px; word-break: break-all; font-family: Optima-Regular, PingFangTC-light; color: rgb(61, 170, 214); font-size: 18px;&quot;&gt;做技术的几类人&lt;/span&gt;&lt;/span&gt;&lt;/p&gt;&lt;p style=&quot;box-sizing: border-box; outline: 0px; padding: 0px; margin-top: 0px; margin-bottom: 16px; color: rgb(79, 79, 79); line-height: 26px; text-align: justify; word-break: break-all; font-family: &amp;quot;PingFang SC&amp;quot;, &amp;quot;Microsoft YaHei&amp;quot;, SimHei, Arial, SimSun; white-space: normal; background-color: rgb(255, 255, 255); letter-spacing: 0.5px;&quot;&gt;&lt;span style=&quot;box-sizing: border-box; outline: 0px; font-weight: 700; word-break: break-all;&quot;&gt;&lt;span style=&quot;box-sizing: border-box; outline: 0px; word-break: break-all; font-size: 15px; font-family: Optima-Regular, PingFangTC-light;&quot;&gt;第一类是把自己的命运寄托在一项事业上&lt;/span&gt;&lt;/span&gt;&lt;/p&gt;&lt;p style=&quot;box-sizing: border-box; outline: 0px; padding: 0px; margin-top: 0px; margin-bottom: 16px; color: rgb(79, 79, 79); line-height: 26px; text-align: justify; word-break: break-all; font-family: &amp;quot;PingFang SC&amp;quot;, &amp;quot;Microsoft YaHei&amp;quot;, SimHei, Arial, SimSun; white-space: normal; background-color: rgb(255, 255, 255); letter-spacing: 0.5px;&quot;&gt;&lt;span style=&quot;box-sizing: border-box; outline: 0px; word-break: break-all; font-size: 15px; font-family: Optima-Regular, PingFangTC-light;&quot;&gt;他们会想着改变一些东西，而技术只是作为其中的手段，他们有能力通过技术实现自己的想法和事业。事业并不是指的创业做老板，而是一件他们认可的事情。比如促进人们交流和言论自由，带给大家更多娱乐，提升大众身心健康水平，增强国家国防实力，或者提升某个行业的信息化水平，能够以技术为手段，在这个事情上做出成绩。他们往往可以终其一生投入到自己的事业中去，在短短的人生中实现价值。到两鬓斑白时，能够回首往事而悠然自得。&lt;/span&gt;&lt;/p&gt;&lt;p style=&quot;box-sizing: border-box; outline: 0px; padding: 0px; margin-top: 0px; margin-bottom: 16px; color: rgb(79, 79, 79); line-height: 26px; text-align: justify; word-break: break-all; font-family: &amp;quot;PingFang SC&amp;quot;, &amp;quot;Microsoft YaHei&amp;quot;, SimHei, Arial, SimSun; white-space: normal; background-color: rgb(255, 255, 255); letter-spacing: 0.5px;&quot;&gt;&lt;span style=&quot;box-sizing: border-box; outline: 0px; word-break: break-all; font-size: 15px; font-family: Optima-Regular, PingFangTC-light;&quot;&gt;&lt;br/&gt;&lt;/span&gt;&lt;/p&gt;&lt;p style=&quot;box-sizing: border-box; outline: 0px; padding: 0px; margin-top: 0px; margin-bottom: 16px; color: rgb(79, 79, 79); line-height: 26px; text-align: justify; word-break: break-all; font-family: &amp;quot;PingFang SC&amp;quot;, &amp;quot;Microsoft YaHei&amp;quot;, SimHei, Arial, SimSun; white-space: normal; background-color: rgb(255, 255, 255); letter-spacing: 0.5px;&quot;&gt;&lt;span style=&quot;box-sizing: border-box; outline: 0px; font-weight: 700; word-break: break-all;&quot;&gt;&lt;span style=&quot;box-sizing: border-box; outline: 0px; word-break: break-all; font-size: 15px; font-family: Optima-Regular, PingFangTC-light;&quot;&gt;第二类是把自己的命运寄托在组织和团队上&lt;/span&gt;&lt;/span&gt;&lt;/p&gt;&lt;p style=&quot;box-sizing: border-box; outline: 0px; padding: 0px; margin-top: 0px; margin-bottom: 16px; color: rgb(79, 79, 79); line-height: 26px; text-align: justify; word-break: break-all; font-family: &amp;quot;PingFang SC&amp;quot;, &amp;quot;Microsoft YaHei&amp;quot;, SimHei, Arial, SimSun; white-space: normal; background-color: rgb(255, 255, 255); letter-spacing: 0.5px;&quot;&gt;&lt;span style=&quot;box-sizing: border-box; outline: 0px; word-break: break-all; font-size: 15px; font-family: Optima-Regular, PingFangTC-light;&quot;&gt;他们技术水平出色，综合素质突出，勇于变化，以团队的目标为目标，依据团队的需求而转型或者坚持，跟团队一起干出一番成绩。这些人往往拥有高薪厚禄，以及舒适生活。&lt;/span&gt;&lt;/p&gt;&lt;p style=&quot;box-sizing: border-box; outline: 0px; padding: 0px; margin-top: 0px; margin-bottom: 16px; color: rgb(79, 79, 79); line-height: 26px; text-align: justify; word-break: break-all; font-family: &amp;quot;PingFang SC&amp;quot;, &amp;quot;Microsoft YaHei&amp;quot;, SimHei, Arial, SimSun; white-space: normal; background-color: rgb(255, 255, 255); letter-spacing: 0.5px;&quot;&gt;&lt;span style=&quot;box-sizing: border-box; outline: 0px; word-break: break-all; font-size: 15px; font-family: Optima-Regular, PingFangTC-light;&quot;&gt;&lt;br/&gt;&lt;/span&gt;&lt;/p&gt;&lt;p style=&quot;box-sizing: border-box; outline: 0px; padding: 0px; margin-top: 0px; margin-bottom: 16px; color: rgb(79, 79, 79); line-height: 26px; text-align: justify; word-break: break-all; font-family: &amp;quot;PingFang SC&amp;quot;, &amp;quot;Microsoft YaHei&amp;quot;, SimHei, Arial, SimSun; white-space: normal; background-color: rgb(255, 255, 255); letter-spacing: 0.5px;&quot;&gt;&lt;span style=&quot;box-sizing: border-box; outline: 0px; word-break: break-all; font-size: 15px; font-family: Optima-Regular, PingFangTC-light;&quot;&gt;但是中年以后会经常自问到底做了什么自己想做的事情，为自己过于风平浪静的人生感到惆怅。&lt;/span&gt;&lt;/p&gt;&lt;p style=&quot;box-sizing: border-box; outline: 0px; padding: 0px; margin-top: 0px; margin-bottom: 16px; color: rgb(79, 79, 79); line-height: 26px; text-align: justify; word-break: break-all; font-family: &amp;quot;PingFang SC&amp;quot;, &amp;quot;Microsoft YaHei&amp;quot;, SimHei, Arial, SimSun; white-space: normal; background-color: rgb(255, 255, 255); letter-spacing: 0.5px;&quot;&gt;&lt;span style=&quot;box-sizing: border-box; outline: 0px; word-break: break-all; font-size: 15px; font-family: Optima-Regular, PingFangTC-light;&quot;&gt;&lt;br/&gt;&lt;/span&gt;&lt;/p&gt;&lt;p style=&quot;box-sizing: border-box; outline: 0px; padding: 0px; margin-top: 0px; margin-bottom: 16px; color: rgb(79, 79, 79); line-height: 26px; text-align: justify; word-break: break-all; font-family: &amp;quot;PingFang SC&amp;quot;, &amp;quot;Microsoft YaHei&amp;quot;, SimHei, Arial, SimSun; white-space: normal; background-color: rgb(255, 255, 255); letter-spacing: 0.5px;&quot;&gt;&lt;span style=&quot;box-sizing: border-box; outline: 0px; font-weight: 700; word-break: break-all;&quot;&gt;&lt;span style=&quot;box-sizing: border-box; outline: 0px; word-break: break-all; font-size: 15px; font-family: Optima-Regular, PingFangTC-light;&quot;&gt;第三类是把命运寄托在技术上&lt;/span&gt;&lt;/span&gt;&lt;/p&gt;&lt;p style=&quot;box-sizing: border-box; outline: 0px; padding: 0px; margin-top: 0px; margin-bottom: 16px; color: rgb(79, 79, 79); line-height: 26px; text-align: justify; word-break: break-all; font-family: &amp;quot;PingFang SC&amp;quot;, &amp;quot;Microsoft YaHei&amp;quot;, SimHei, Arial, SimSun; white-space: normal; background-color: rgb(255, 255, 255); letter-spacing: 0.5px;&quot;&gt;&lt;span style=&quot;box-sizing: border-box; outline: 0px; word-break: break-all; font-size: 15px; font-family: Optima-Regular, PingFangTC-light;&quot;&gt;他们有能力成为技术的专家，希望把技能当做商品出售，从而谋求富足人生。不想把自己命运跟企业和组织绑定在一起，也不愿意做什么改变，只是满足于技术高手的层面，寄希望于其技术专长能够长期值钱。&lt;/span&gt;&lt;/p&gt;&lt;p style=&quot;box-sizing: border-box; outline: 0px; padding: 0px; margin-top: 0px; margin-bottom: 16px; color: rgb(79, 79, 79); line-height: 26px; text-align: justify; word-break: break-all; font-family: &amp;quot;PingFang SC&amp;quot;, &amp;quot;Microsoft YaHei&amp;quot;, SimHei, Arial, SimSun; white-space: normal; background-color: rgb(255, 255, 255); letter-spacing: 0.5px;&quot;&gt;&lt;span style=&quot;box-sizing: border-box; outline: 0px; word-break: break-all; font-size: 15px; font-family: Optima-Regular, PingFangTC-light;&quot;&gt;&lt;br/&gt;&lt;/span&gt;&lt;/p&gt;&lt;p style=&quot;box-sizing: border-box; outline: 0px; padding: 0px; margin-top: 0px; margin-bottom: 16px; color: rgb(79, 79, 79); line-height: 26px; text-align: justify; word-break: break-all; font-family: &amp;quot;PingFang SC&amp;quot;, &amp;quot;Microsoft YaHei&amp;quot;, SimHei, Arial, SimSun; white-space: normal; background-color: rgb(255, 255, 255); letter-spacing: 0.5px;&quot;&gt;&lt;span style=&quot;box-sizing: border-box; outline: 0px; font-weight: 700; word-break: break-all;&quot;&gt;&lt;span style=&quot;box-sizing: border-box; outline: 0px; word-break: break-all; font-size: 15px; font-family: Optima-Regular, PingFangTC-light;&quot;&gt;第四种就是处于出卖劳动力的阶段&lt;/span&gt;&lt;/span&gt;&lt;/p&gt;&lt;p style=&quot;box-sizing: border-box; outline: 0px; padding: 0px; margin-top: 0px; margin-bottom: 16px; color: rgb(79, 79, 79); line-height: 26px; text-align: justify; word-break: break-all; font-family: &amp;quot;PingFang SC&amp;quot;, &amp;quot;Microsoft YaHei&amp;quot;, SimHei, Arial, SimSun; white-space: normal; background-color: rgb(255, 255, 255); letter-spacing: 0.5px;&quot;&gt;&lt;span style=&quot;box-sizing: border-box; outline: 0px; word-break: break-all; font-size: 15px; font-family: Optima-Regular, PingFangTC-light;&quot;&gt;他们往往疲于做业务，单纯积极完成上级或产经下达的任务，鲜有思考需求合理性，或者在大局上关注项目及其进度。他们往往加班成自然，表面上形成勤奋工作的现象，最终却只是为了业绩好些，年终奖多些。&lt;/span&gt;&lt;/p&gt;&lt;p style=&quot;box-sizing: border-box; outline: 0px; padding: 0px; margin-top: 0px; margin-bottom: 16px; color: rgb(79, 79, 79); line-height: 26px; text-align: justify; word-break: break-all; font-family: &amp;quot;PingFang SC&amp;quot;, &amp;quot;Microsoft YaHei&amp;quot;, SimHei, Arial, SimSun; white-space: normal; background-color: rgb(255, 255, 255); letter-spacing: 0.5px;&quot;&gt;&lt;span style=&quot;box-sizing: border-box; outline: 0px; word-break: break-all; font-size: 15px; font-family: Optima-Regular, PingFangTC-light;&quot;&gt;&lt;br/&gt;&lt;/span&gt;&lt;/p&gt;&lt;p style=&quot;box-sizing: border-box; outline: 0px; padding: 0px; margin-top: 0px; margin-bottom: 16px; color: rgb(79, 79, 79); line-height: 26px; text-align: justify; word-break: break-all; font-family: &amp;quot;PingFang SC&amp;quot;, &amp;quot;Microsoft YaHei&amp;quot;, SimHei, Arial, SimSun; white-space: normal; background-color: rgb(255, 255, 255); letter-spacing: 0.5px;&quot;&gt;&lt;span style=&quot;box-sizing: border-box; outline: 0px; word-break: break-all; font-size: 15px; font-family: Optima-Regular, PingFangTC-light;&quot;&gt;第一类，是做技术的最高层次，终其一生投入到一项事业中，为人类和社会创造价值，这并不是一般人能够做到。而第二类总的来说，层次还是比较高的。在自己的专业领域中颇有建树，并且利用技术给团队带来生产力提高和经济的效益，是真正为团队创造价值的人。而第三类人，却是最危险的。技术的发展与变迁是必然发生的事情，年轻的时候还有能力追逐新技术，但当老了追不动了，很容易就被淘汰了。&lt;span style=&quot;box-sizing: border-box; outline: 0px; font-weight: 700; word-break: break-all;&quot;&gt;被淘汰只是时间问题。如果你认为某个软件技术的兴起或者衰落对你个人的职业生涯构成了决定性的影响，那么你可能正走在错误的路线上，应当尽快改弦更张。&lt;/span&gt;&lt;/span&gt;&lt;/p&gt;&lt;p style=&quot;box-sizing: border-box; outline: 0px; padding: 0px; margin-top: 0px; margin-bottom: 16px; color: rgb(79, 79, 79); line-height: 26px; text-align: justify; word-break: break-all; font-family: &amp;quot;PingFang SC&amp;quot;, &amp;quot;Microsoft YaHei&amp;quot;, SimHei, Arial, SimSun; white-space: normal; background-color: rgb(255, 255, 255); letter-spacing: 0.5px;&quot;&gt;&lt;span style=&quot;box-sizing: border-box; outline: 0px; word-break: break-all; font-size: 15px; font-family: Optima-Regular, PingFangTC-light;&quot;&gt;&lt;br/&gt;&lt;/span&gt;&lt;/p&gt;&lt;p style=&quot;box-sizing: border-box; outline: 0px; padding: 0px; margin-top: 0px; margin-bottom: 16px; color: rgb(79, 79, 79); line-height: 26px; text-align: justify; word-break: break-all; font-family: &amp;quot;PingFang SC&amp;quot;, &amp;quot;Microsoft YaHei&amp;quot;, SimHei, Arial, SimSun; white-space: normal; background-color: rgb(255, 255, 255); letter-spacing: 0.5px;&quot;&gt;&lt;span style=&quot;box-sizing: border-box; outline: 0px; word-break: break-all; font-size: 18px; color: rgb(61, 170, 214);&quot;&gt;&lt;span style=&quot;box-sizing: border-box; outline: 0px; font-weight: 700; word-break: break-all;&quot;&gt;&lt;span style=&quot;box-sizing: border-box; outline: 0px; word-break: break-all; font-family: Optima-Regular, PingFangTC-light;&quot;&gt;核心竞争力&lt;/span&gt;&lt;/span&gt;&lt;/span&gt;&lt;/p&gt;&lt;p style=&quot;box-sizing: border-box; outline: 0px; padding: 0px; margin-top: 0px; margin-bottom: 16px; color: rgb(79, 79, 79); line-height: 26px; text-align: justify; word-break: break-all; font-family: &amp;quot;PingFang SC&amp;quot;, &amp;quot;Microsoft YaHei&amp;quot;, SimHei, Arial, SimSun; white-space: normal; background-color: rgb(255, 255, 255); letter-spacing: 0.5px;&quot;&gt;&lt;span style=&quot;box-sizing: border-box; outline: 0px; word-break: break-all; font-size: 15px; font-family: Optima-Regular, PingFangTC-light;&quot;&gt;&lt;br/&gt;&lt;/span&gt;&lt;/p&gt;&lt;p style=&quot;box-sizing: border-box; outline: 0px; padding: 0px; margin-top: 0px; margin-bottom: 16px; color: rgb(79, 79, 79); line-height: 26px; text-align: justify; word-break: break-all; font-family: &amp;quot;PingFang SC&amp;quot;, &amp;quot;Microsoft YaHei&amp;quot;, SimHei, Arial, SimSun; white-space: normal; background-color: rgb(255, 255, 255); letter-spacing: 0.5px;&quot;&gt;&lt;span style=&quot;box-sizing: border-box; outline: 0px; word-break: break-all; font-size: 15px; font-family: Optima-Regular, PingFangTC-light;&quot;&gt;关于核心竞争力，孟岩先生有这样一段话：&lt;/span&gt;&lt;/p&gt;&lt;p style=&quot;box-sizing: border-box; outline: 0px; padding: 0px; margin-top: 0px; margin-bottom: 16px; color: rgb(79, 79, 79); line-height: 26px; text-align: justify; word-break: break-all; font-family: &amp;quot;PingFang SC&amp;quot;, &amp;quot;Microsoft YaHei&amp;quot;, SimHei, Arial, SimSun; white-space: normal; background-color: rgb(255, 255, 255); letter-spacing: 0.5px;&quot;&gt;&lt;span style=&quot;box-sizing: border-box; outline: 0px; word-break: break-all; font-size: 15px; font-family: Optima-Regular, PingFangTC-light;&quot;&gt;那么核心竞争力是什么？我观察圈子里很多成功和不成功的技术人，提出一个观点，那就是个人的核心竞争力是他&lt;span style=&quot;box-sizing: border-box; outline: 0px; font-weight: 700; word-break: break-all;&quot;&gt;独特的个性知识经验组合&lt;/span&gt;。这个行业里拥挤着上百万聪明人，彼此之间真正的不同在哪里？不在于你学的是什么技术，学得多深，IQ多少，而在于你身上有别人没有的独特的个性、背景、知识和经验的组合。如果这种组合，&lt;span style=&quot;box-sizing: border-box; outline: 0px; font-weight: 700; word-break: break-all;&quot;&gt;1，绝无仅有；2，在实践中有价值，3，具有可持续发展性&lt;/span&gt;，那你就具备核心竞争力。因此，当设计自己的发展路线时，应当最大限度地加强和发挥自己独特的组合，而不是寻求单项的超越。而构建自己独特组合的方式，主要是通过实践，其次是要有意识地构造。关于这个观点，话题太大，我不打算赘述。&lt;/span&gt;&lt;/p&gt;&lt;p style=&quot;box-sizing: border-box; outline: 0px; padding: 0px; margin-top: 0px; margin-bottom: 16px; color: rgb(79, 79, 79); line-height: 26px; text-align: justify; word-break: break-all; font-family: &amp;quot;PingFang SC&amp;quot;, &amp;quot;Microsoft YaHei&amp;quot;, SimHei, Arial, SimSun; white-space: normal; background-color: rgb(255, 255, 255); letter-spacing: 0.5px;&quot;&gt;&lt;span style=&quot;box-sizing: border-box; outline: 0px; word-break: break-all; font-size: 15px; font-family: Optima-Regular, PingFangTC-light;&quot;&gt;&lt;br/&gt;&lt;/span&gt;&lt;/p&gt;&lt;p style=&quot;box-sizing: border-box; outline: 0px; padding: 0px; margin-top: 0px; margin-bottom: 16px; color: rgb(79, 79, 79); line-height: 26px; text-align: justify; word-break: break-all; font-family: &amp;quot;PingFang SC&amp;quot;, &amp;quot;Microsoft YaHei&amp;quot;, SimHei, Arial, SimSun; white-space: normal; background-color: rgb(255, 255, 255); letter-spacing: 0.5px;&quot;&gt;&lt;span style=&quot;box-sizing: border-box; outline: 0px; word-break: break-all; font-size: 15px; font-family: Optima-Regular, PingFangTC-light;&quot;&gt;个人核心竞争力，并不是对某技术、框架、平台的熟烂于心，也不是什么样的开发思想，更加不是所谓的个人智商问题。&lt;span style=&quot;box-sizing: border-box; outline: 0px; font-weight: 700; word-break: break-all;&quot;&gt;而是独特的个性、知识、经验之间的组合&lt;/span&gt;。&lt;/span&gt;&lt;/p&gt;&lt;p style=&quot;box-sizing: border-box; outline: 0px; padding: 0px; margin-top: 0px; margin-bottom: 16px; color: rgb(79, 79, 79); line-height: 26px; text-align: justify; word-break: break-all; font-family: &amp;quot;PingFang SC&amp;quot;, &amp;quot;Microsoft YaHei&amp;quot;, SimHei, Arial, SimSun; white-space: normal; background-color: rgb(255, 255, 255); letter-spacing: 0.5px;&quot;&gt;&lt;span style=&quot;box-sizing: border-box; outline: 0px; word-break: break-all; font-size: 15px; font-family: Optima-Regular, PingFangTC-light;&quot;&gt;&lt;br/&gt;&lt;/span&gt;&lt;/p&gt;&lt;p style=&quot;box-sizing: border-box; outline: 0px; padding: 0px; margin-top: 0px; margin-bottom: 16px; color: rgb(79, 79, 79); line-height: 26px; text-align: justify; word-break: break-all; font-family: &amp;quot;PingFang SC&amp;quot;, &amp;quot;Microsoft YaHei&amp;quot;, SimHei, Arial, SimSun; white-space: normal; background-color: rgb(255, 255, 255); letter-spacing: 0.5px;&quot;&gt;&lt;span style=&quot;box-sizing: border-box; outline: 0px; word-break: break-all; color: rgb(61, 170, 214); font-size: 18px;&quot;&gt;&lt;span style=&quot;box-sizing: border-box; outline: 0px; font-weight: 700; word-break: break-all;&quot;&gt;&lt;span style=&quot;box-sizing: border-box; outline: 0px; word-break: break-all; font-family: Optima-Regular, PingFangTC-light;&quot;&gt;不可替代性&lt;/span&gt;&lt;/span&gt;&lt;/span&gt;&lt;/p&gt;&lt;p style=&quot;box-sizing: border-box; outline: 0px; padding: 0px; margin-top: 0px; margin-bottom: 16px; color: rgb(79, 79, 79); line-height: 26px; text-align: justify; word-break: break-all; font-family: &amp;quot;PingFang SC&amp;quot;, &amp;quot;Microsoft YaHei&amp;quot;, SimHei, Arial, SimSun; white-space: normal; background-color: rgb(255, 255, 255); letter-spacing: 0.5px;&quot;&gt;&lt;span style=&quot;box-sizing: border-box; outline: 0px; word-break: break-all; font-size: 15px; font-family: Optima-Regular, PingFangTC-light;&quot;&gt;孟岩先生在文中并没有对这个问题展开来描述，那么到底什么样的知识技能组合符合下面几种条件的：&lt;/span&gt;&lt;/p&gt;&lt;p style=&quot;box-sizing: border-box; outline: 0px; padding: 0px; margin-top: 0px; margin-bottom: 16px; color: rgb(79, 79, 79); line-height: 26px; text-align: justify; word-break: break-all; font-family: &amp;quot;PingFang SC&amp;quot;, &amp;quot;Microsoft YaHei&amp;quot;, SimHei, Arial, SimSun; white-space: normal; background-color: rgb(255, 255, 255); letter-spacing: 0.5px;&quot;&gt;&lt;span style=&quot;box-sizing: border-box; outline: 0px; font-weight: 700; word-break: break-all;&quot;&gt;&lt;span style=&quot;box-sizing: border-box; outline: 0px; word-break: break-all; font-size: 15px; font-family: Optima-Regular, PingFangTC-light;&quot;&gt;1. 绝无仅有&lt;/span&gt;&lt;/span&gt;&lt;/p&gt;&lt;p style=&quot;box-sizing: border-box; outline: 0px; padding: 0px; margin-top: 0px; margin-bottom: 16px; color: rgb(79, 79, 79); line-height: 26px; text-align: justify; word-break: break-all; font-family: &amp;quot;PingFang SC&amp;quot;, &amp;quot;Microsoft YaHei&amp;quot;, SimHei, Arial, SimSun; white-space: normal; background-color: rgb(255, 255, 255); letter-spacing: 0.5px;&quot;&gt;&lt;span style=&quot;box-sizing: border-box; outline: 0px; font-weight: 700; word-break: break-all;&quot;&gt;&lt;span style=&quot;box-sizing: border-box; outline: 0px; word-break: break-all; font-size: 15px; font-family: Optima-Regular, PingFangTC-light;&quot;&gt;2. 在实践中有价值&lt;/span&gt;&lt;/span&gt;&lt;/p&gt;&lt;p style=&quot;box-sizing: border-box; outline: 0px; padding: 0px; margin-top: 0px; margin-bottom: 16px; color: rgb(79, 79, 79); line-height: 26px; text-align: justify; word-break: break-all; font-family: &amp;quot;PingFang SC&amp;quot;, &amp;quot;Microsoft YaHei&amp;quot;, SimHei, Arial, SimSun; white-space: normal; background-color: rgb(255, 255, 255); letter-spacing: 0.5px;&quot;&gt;&lt;span style=&quot;box-sizing: border-box; outline: 0px; font-weight: 700; word-break: break-all;&quot;&gt;&lt;span style=&quot;box-sizing: border-box; outline: 0px; word-break: break-all; font-size: 15px; font-family: Optima-Regular, PingFangTC-light;&quot;&gt;3. 具有可持续发展性&lt;/span&gt;&lt;/span&gt;&lt;/p&gt;&lt;p style=&quot;box-sizing: border-box; outline: 0px; padding: 0px; margin-top: 0px; margin-bottom: 16px; color: rgb(79, 79, 79); line-height: 26px; text-align: justify; word-break: break-all; font-family: &amp;quot;PingFang SC&amp;quot;, &amp;quot;Microsoft YaHei&amp;quot;, SimHei, Arial, SimSun; white-space: normal; background-color: rgb(255, 255, 255); letter-spacing: 0.5px;&quot;&gt;&lt;span style=&quot;box-sizing: border-box; outline: 0px; word-break: break-all; font-size: 15px; font-family: Optima-Regular, PingFangTC-light;&quot;&gt;&lt;br/&gt;&lt;/span&gt;&lt;/p&gt;&lt;p style=&quot;box-sizing: border-box; outline: 0px; padding: 0px; margin-top: 0px; margin-bottom: 16px; color: rgb(79, 79, 79); line-height: 26px; text-align: justify; word-break: break-all; font-family: &amp;quot;PingFang SC&amp;quot;, &amp;quot;Microsoft YaHei&amp;quot;, SimHei, Arial, SimSun; white-space: normal; background-color: rgb(255, 255, 255); letter-spacing: 0.5px;&quot;&gt;&lt;span style=&quot;box-sizing: border-box; outline: 0px; word-break: break-all; font-size: 15px; font-family: Optima-Regular, PingFangTC-light;&quot;&gt;刘未鹏先生在书中《暗时间》给出了他对这个问题的补充：&lt;/span&gt;&lt;/p&gt;&lt;p style=&quot;box-sizing: border-box; outline: 0px; padding: 0px; margin-top: 0px; margin-bottom: 16px; color: rgb(79, 79, 79); line-height: 26px; text-align: justify; word-break: break-all; font-family: &amp;quot;PingFang SC&amp;quot;, &amp;quot;Microsoft YaHei&amp;quot;, SimHei, Arial, SimSun; white-space: normal; background-color: rgb(255, 255, 255); letter-spacing: 0.5px;&quot;&gt;&lt;span style=&quot;box-sizing: border-box; outline: 0px; word-break: break-all; font-size: 15px; font-family: Optima-Regular, PingFangTC-light;&quot;&gt;&lt;br/&gt;&lt;/span&gt;&lt;/p&gt;&lt;p style=&quot;box-sizing: border-box; outline: 0px; padding: 0px; margin-top: 0px; margin-bottom: 16px; color: rgb(79, 79, 79); line-height: 26px; text-align: justify; word-break: break-all; font-family: &amp;quot;PingFang SC&amp;quot;, &amp;quot;Microsoft YaHei&amp;quot;, SimHei, Arial, SimSun; white-space: normal; background-color: rgb(255, 255, 255); letter-spacing: 0.5px;&quot;&gt;&lt;span style=&quot;box-sizing: border-box; outline: 0px; word-break: break-all; font-size: 15px; font-family: Optima-Regular, PingFangTC-light;&quot;&gt;我相信以下的知识技能组合是具有相当程度的不可替代性的：&lt;/span&gt;&lt;/p&gt;&lt;p style=&quot;box-sizing: border-box; outline: 0px; padding: 0px; margin-top: 0px; margin-bottom: 16px; color: rgb(79, 79, 79); line-height: 26px; text-align: justify; word-break: break-all; font-family: &amp;quot;PingFang SC&amp;quot;, &amp;quot;Microsoft YaHei&amp;quot;, SimHei, Arial, SimSun; white-space: normal; background-color: rgb(255, 255, 255); letter-spacing: 0.5px;&quot;&gt;&lt;span style=&quot;box-sizing: border-box; outline: 0px; font-weight: 700; word-break: break-all;&quot;&gt;&lt;span style=&quot;box-sizing: border-box; outline: 0px; word-break: break-all; font-size: 15px; font-family: Optima-Regular, PingFangTC-light;&quot;&gt;1. 专业领域技能&lt;/span&gt;&lt;/span&gt;&lt;/p&gt;&lt;p style=&quot;box-sizing: border-box; outline: 0px; padding: 0px; margin-top: 0px; margin-bottom: 16px; color: rgb(79, 79, 79); line-height: 26px; text-align: justify; word-break: break-all; font-family: &amp;quot;PingFang SC&amp;quot;, &amp;quot;Microsoft YaHei&amp;quot;, SimHei, Arial, SimSun; white-space: normal; background-color: rgb(255, 255, 255); letter-spacing: 0.5px;&quot;&gt;&lt;span style=&quot;box-sizing: border-box; outline: 0px; word-break: break-all; font-size: 15px; font-family: Optima-Regular, PingFangTC-light;&quot;&gt;成为一个专业领域的专家，你的专业技能越强，在这个领域的不可替代性就越高。这个自是不用多说的。&lt;/span&gt;&lt;/p&gt;&lt;p style=&quot;box-sizing: border-box; outline: 0px; padding: 0px; margin-top: 0px; margin-bottom: 16px; color: rgb(79, 79, 79); line-height: 26px; text-align: justify; word-break: break-all; font-family: &amp;quot;PingFang SC&amp;quot;, &amp;quot;Microsoft YaHei&amp;quot;, SimHei, Arial, SimSun; white-space: normal; background-color: rgb(255, 255, 255); letter-spacing: 0.5px;&quot;&gt;&lt;span style=&quot;box-sizing: border-box; outline: 0px; word-break: break-all; font-size: 15px; font-family: Optima-Regular, PingFangTC-light;&quot;&gt;&lt;br/&gt;&lt;/span&gt;&lt;/p&gt;&lt;p style=&quot;box-sizing: border-box; outline: 0px; padding: 0px; margin-top: 0px; margin-bottom: 16px; color: rgb(79, 79, 79); line-height: 26px; text-align: justify; word-break: break-all; font-family: &amp;quot;PingFang SC&amp;quot;, &amp;quot;Microsoft YaHei&amp;quot;, SimHei, Arial, SimSun; white-space: normal; background-color: rgb(255, 255, 255); letter-spacing: 0.5px;&quot;&gt;&lt;span style=&quot;box-sizing: border-box; outline: 0px; font-weight: 700; word-break: break-all;&quot;&gt;&lt;span style=&quot;box-sizing: border-box; outline: 0px; word-break: break-all; font-size: 15px; font-family: Optima-Regular, PingFangTC-light;&quot;&gt;2. 跨领域的技能&lt;/span&gt;&lt;/span&gt;&lt;/p&gt;&lt;p style=&quot;box-sizing: border-box; outline: 0px; padding: 0px; margin-top: 0px; margin-bottom: 16px; color: rgb(79, 79, 79); line-height: 26px; text-align: justify; word-break: break-all; font-family: &amp;quot;PingFang SC&amp;quot;, &amp;quot;Microsoft YaHei&amp;quot;, SimHei, Arial, SimSun; white-space: normal; background-color: rgb(255, 255, 255); letter-spacing: 0.5px;&quot;&gt;&lt;span style=&quot;box-sizing: border-box; outline: 0px; word-break: break-all; font-size: 15px; font-family: Optima-Regular, PingFangTC-light;&quot;&gt;解决问题的能力，创新思维，判断与决策能力，批判性思维，表达沟通能力，等等。&lt;/span&gt;&lt;/p&gt;&lt;p style=&quot;box-sizing: border-box; outline: 0px; padding: 0px; margin-top: 0px; margin-bottom: 16px; color: rgb(79, 79, 79); line-height: 26px; text-align: justify; word-break: break-all; font-family: &amp;quot;PingFang SC&amp;quot;, &amp;quot;Microsoft YaHei&amp;quot;, SimHei, Arial, SimSun; white-space: normal; background-color: rgb(255, 255, 255); letter-spacing: 0.5px;&quot;&gt;&lt;span style=&quot;box-sizing: border-box; outline: 0px; word-break: break-all; font-size: 15px; font-family: Optima-Regular, PingFangTC-light;&quot;&gt;&lt;br/&gt;&lt;/span&gt;&lt;/p&gt;&lt;p style=&quot;box-sizing: border-box; outline: 0px; padding: 0px; margin-top: 0px; margin-bottom: 16px; color: rgb(79, 79, 79); line-height: 26px; text-align: justify; word-break: break-all; font-family: &amp;quot;PingFang SC&amp;quot;, &amp;quot;Microsoft YaHei&amp;quot;, SimHei, Arial, SimSun; white-space: normal; background-color: rgb(255, 255, 255); letter-spacing: 0.5px;&quot;&gt;&lt;span style=&quot;box-sizing: border-box; outline: 0px; font-weight: 700; word-break: break-all;&quot;&gt;&lt;span style=&quot;box-sizing: border-box; outline: 0px; word-break: break-all; font-size: 15px; font-family: Optima-Regular, PingFangTC-light;&quot;&gt;3. 学习能力&lt;/span&gt;&lt;/span&gt;&lt;/p&gt;&lt;p style=&quot;box-sizing: border-box; outline: 0px; padding: 0px; margin-top: 0px; margin-bottom: 16px; color: rgb(79, 79, 79); line-height: 26px; text-align: justify; word-break: break-all; font-family: &amp;quot;PingFang SC&amp;quot;, &amp;quot;Microsoft YaHei&amp;quot;, SimHei, Arial, SimSun; white-space: normal; background-color: rgb(255, 255, 255); letter-spacing: 0.5px;&quot;&gt;&lt;span style=&quot;box-sizing: border-box; outline: 0px; word-break: break-all; font-size: 15px; font-family: Optima-Regular, PingFangTC-light;&quot;&gt;严格来说学习能力也属于跨领域的技能，但由于实在太重要，并且跨任何领域，所以独立出来。如何培养学习能力，到目前为止我所知道的最有效的办法就是持续学习和思考知识。&lt;/span&gt;&lt;/p&gt;&lt;p style=&quot;box-sizing: border-box; outline: 0px; padding: 0px; margin-top: 0px; margin-bottom: 16px; color: rgb(79, 79, 79); line-height: 26px; text-align: justify; word-break: break-all; font-family: &amp;quot;PingFang SC&amp;quot;, &amp;quot;Microsoft YaHei&amp;quot;, SimHei, Arial, SimSun; white-space: normal; background-color: rgb(255, 255, 255); letter-spacing: 0.5px;&quot;&gt;&lt;span style=&quot;box-sizing: border-box; outline: 0px; word-break: break-all; font-size: 15px; font-family: Optima-Regular, PingFangTC-light;&quot;&gt;&lt;br/&gt;&lt;/span&gt;&lt;/p&gt;&lt;p style=&quot;box-sizing: border-box; outline: 0px; padding: 0px; margin-top: 0px; margin-bottom: 16px; color: rgb(79, 79, 79); line-height: 26px; text-align: justify; word-break: break-all; font-family: &amp;quot;PingFang SC&amp;quot;, &amp;quot;Microsoft YaHei&amp;quot;, SimHei, Arial, SimSun; white-space: normal; background-color: rgb(255, 255, 255); letter-spacing: 0.5px;&quot;&gt;&lt;span style=&quot;box-sizing: border-box; outline: 0px; font-weight: 700; word-break: break-all;&quot;&gt;&lt;span style=&quot;box-sizing: border-box; outline: 0px; word-break: break-all; font-size: 15px; font-family: Optima-Regular, PingFangTC-light;&quot;&gt;4. 性格要素&lt;/span&gt;&lt;/span&gt;&lt;/p&gt;&lt;p style=&quot;box-sizing: border-box; outline: 0px; padding: 0px; margin-top: 0px; margin-bottom: 16px; color: rgb(79, 79, 79); line-height: 26px; text-align: justify; word-break: break-all; font-family: &amp;quot;PingFang SC&amp;quot;, &amp;quot;Microsoft YaHei&amp;quot;, SimHei, Arial, SimSun; white-space: normal; background-color: rgb(255, 255, 255); letter-spacing: 0.5px;&quot;&gt;&lt;span style=&quot;box-sizing: border-box; outline: 0px; word-break: break-all; font-size: 15px; font-family: Optima-Regular, PingFangTC-light;&quot;&gt;严格来说这也属于跨领域技能，理由同上。一些我相信很重要的性格要素包括：专注、持之以恒、自省（意识到自己的问题所在的能力，这是改进自身的大前提）、好奇心、自信、谦卑（自信和谦卑是不悖的，前者是相信别人能够做到的自己也能够做到，后者是不要总认为自己确信正确的就一定是正确的），等等。&lt;/span&gt;&lt;/p&gt;&lt;p style=&quot;box-sizing: border-box; outline: 0px; padding: 0px; margin-top: 0px; margin-bottom: 16px; color: rgb(79, 79, 79); line-height: 26px; text-align: justify; word-break: break-all; font-family: &amp;quot;PingFang SC&amp;quot;, &amp;quot;Microsoft YaHei&amp;quot;, SimHei, Arial, SimSun; white-space: normal; background-color: rgb(255, 255, 255); letter-spacing: 0.5px;&quot;&gt;&lt;span style=&quot;box-sizing: border-box; outline: 0px; word-break: break-all; font-size: 15px; font-family: Optima-Regular, PingFangTC-light;&quot;&gt;&lt;br/&gt;&lt;/span&gt;&lt;/p&gt;&lt;p style=&quot;box-sizing: border-box; outline: 0px; padding: 0px; margin-top: 0px; margin-bottom: 16px; color: rgb(79, 79, 79); line-height: 26px; text-align: justify; word-break: break-all; font-family: &amp;quot;PingFang SC&amp;quot;, &amp;quot;Microsoft YaHei&amp;quot;, SimHei, Arial, SimSun; white-space: normal; background-color: rgb(255, 255, 255); letter-spacing: 0.5px;&quot;&gt;&lt;span style=&quot;box-sizing: border-box; outline: 0px; word-break: break-all; font-size: 15px; font-family: Optima-Regular, PingFangTC-light;&quot;&gt;除了刘未鹏先生上面的四点，我需要补充的还有一点：&lt;/span&gt;&lt;/p&gt;&lt;p style=&quot;box-sizing: border-box; outline: 0px; padding: 0px; margin-top: 0px; margin-bottom: 16px; color: rgb(79, 79, 79); line-height: 26px; text-align: justify; word-break: break-all; font-family: &amp;quot;PingFang SC&amp;quot;, &amp;quot;Microsoft YaHei&amp;quot;, SimHei, Arial, SimSun; white-space: normal; background-color: rgb(255, 255, 255); letter-spacing: 0.5px;&quot;&gt;&lt;span style=&quot;box-sizing: border-box; outline: 0px; word-break: break-all; font-size: 15px; font-family: Optima-Regular, PingFangTC-light;&quot;&gt;&lt;br/&gt;&lt;/span&gt;&lt;/p&gt;&lt;p style=&quot;box-sizing: border-box; outline: 0px; padding: 0px; margin-top: 0px; margin-bottom: 16px; color: rgb(79, 79, 79); line-height: 26px; text-align: justify; word-break: break-all; font-family: &amp;quot;PingFang SC&amp;quot;, &amp;quot;Microsoft YaHei&amp;quot;, SimHei, Arial, SimSun; white-space: normal; background-color: rgb(255, 255, 255); letter-spacing: 0.5px;&quot;&gt;&lt;span style=&quot;box-sizing: border-box; outline: 0px; font-weight: 700; word-break: break-all;&quot;&gt;&lt;span style=&quot;box-sizing: border-box; outline: 0px; word-break: break-all; font-size: 15px; font-family: Optima-Regular, PingFangTC-light;&quot;&gt;5. 学历与背景&lt;/span&gt;&lt;/span&gt;&lt;/p&gt;&lt;p style=&quot;box-sizing: border-box; outline: 0px; padding: 0px; margin-top: 0px; margin-bottom: 16px; color: rgb(79, 79, 79); line-height: 26px; text-align: justify; word-break: break-all; font-family: &amp;quot;PingFang SC&amp;quot;, &amp;quot;Microsoft YaHei&amp;quot;, SimHei, Arial, SimSun; white-space: normal; background-color: rgb(255, 255, 255); letter-spacing: 0.5px;&quot;&gt;&lt;span style=&quot;box-sizing: border-box; outline: 0px; word-break: break-all; font-size: 15px; font-family: Optima-Regular, PingFangTC-light;&quot;&gt;虽然在技术圈子不太看重学历，学历并不是能代表一切，但「受教育程度高的人能力也高」是一个高概率事件，这也是各大公司招聘都会以学历来筛选简历的原因之一。而背景就更加重要了，一个人经历了什么，做过什么，都会对个人的价值观、世界观等造成一定量的影响。一个优秀的学历和丰富的背景，并不是别人能轻而易举复制的。&lt;/span&gt;&lt;/p&gt;&lt;p style=&quot;box-sizing: border-box; outline: 0px; padding: 0px; margin-top: 0px; margin-bottom: 16px; color: rgb(79, 79, 79); line-height: 26px; text-align: justify; word-break: break-all; font-family: &amp;quot;PingFang SC&amp;quot;, &amp;quot;Microsoft YaHei&amp;quot;, SimHei, Arial, SimSun; white-space: normal; background-color: rgb(255, 255, 255); letter-spacing: 0.5px;&quot;&gt;&lt;span style=&quot;box-sizing: border-box; outline: 0px; word-break: break-all; font-size: 15px; font-family: Optima-Regular, PingFangTC-light;&quot;&gt;&lt;br/&gt;&lt;/span&gt;&lt;/p&gt;&lt;p style=&quot;box-sizing: border-box; outline: 0px; padding: 0px; margin-top: 0px; margin-bottom: 16px; color: rgb(79, 79, 79); line-height: 26px; text-align: justify; word-break: break-all; font-family: &amp;quot;PingFang SC&amp;quot;, &amp;quot;Microsoft YaHei&amp;quot;, SimHei, Arial, SimSun; white-space: normal; background-color: rgb(255, 255, 255); letter-spacing: 0.5px;&quot;&gt;&lt;span style=&quot;box-sizing: border-box; outline: 0px; word-break: break-all; color: rgb(61, 170, 214); font-size: 18px;&quot;&gt;&lt;span style=&quot;box-sizing: border-box; outline: 0px; font-weight: 700; word-break: break-all;&quot;&gt;&lt;span style=&quot;box-sizing: border-box; outline: 0px; word-break: break-all; font-family: Optima-Regular, PingFangTC-light;&quot;&gt;最后&lt;/span&gt;&lt;/span&gt;&lt;/span&gt;&lt;/p&gt;&lt;p style=&quot;box-sizing: border-box; outline: 0px; padding: 0px; margin-top: 0px; margin-bottom: 16px; color: rgb(79, 79, 79); line-height: 26px; text-align: justify; word-break: break-all; font-family: &amp;quot;PingFang SC&amp;quot;, &amp;quot;Microsoft YaHei&amp;quot;, SimHei, Arial, SimSun; white-space: normal; background-color: rgb(255, 255, 255); letter-spacing: 0.5px;&quot;&gt;&lt;span style=&quot;box-sizing: border-box; outline: 0px; word-break: break-all; font-size: 15px; font-family: Optima-Regular, PingFangTC-light;&quot;&gt;我一直很庆幸能接触到计算机领域，然后学会了编程，对其燃起兴趣，并且刚好这门兴趣能成为我的职业，在我享受其带来的乐趣之余，可以提供给我一些物质上的条件。&lt;/span&gt;&lt;/p&gt;&lt;p style=&quot;box-sizing: border-box; outline: 0px; padding: 0px; margin-top: 0px; margin-bottom: 16px; color: rgb(79, 79, 79); line-height: 26px; text-align: justify; word-break: break-all; font-family: &amp;quot;PingFang SC&amp;quot;, &amp;quot;Microsoft YaHei&amp;quot;, SimHei, Arial, SimSun; white-space: normal; background-color: rgb(255, 255, 255); letter-spacing: 0.5px;&quot;&gt;&lt;span style=&quot;box-sizing: border-box; outline: 0px; word-break: break-all; font-size: 15px; font-family: Optima-Regular, PingFangTC-light;&quot;&gt;&lt;br/&gt;&lt;/span&gt;&lt;/p&gt;&lt;p style=&quot;box-sizing: border-box; outline: 0px; padding: 0px; margin-top: 0px; margin-bottom: 16px; color: rgb(79, 79, 79); line-height: 26px; text-align: justify; word-break: break-all; font-family: &amp;quot;PingFang SC&amp;quot;, &amp;quot;Microsoft YaHei&amp;quot;, SimHei, Arial, SimSun; white-space: normal; background-color: rgb(255, 255, 255); letter-spacing: 0.5px;&quot;&gt;&lt;span style=&quot;box-sizing: border-box; outline: 0px; font-weight: 700; word-break: break-all;&quot;&gt;&lt;span style=&quot;box-sizing: border-box; outline: 0px; word-break: break-all; font-size: 15px; font-family: Optima-Regular, PingFangTC-light;&quot;&gt;我喜欢的东西变成了我的工作乃至事业，这比起很多人，已经很幸福了。&lt;/span&gt;&lt;/span&gt;&lt;/p&gt;&lt;p style=&quot;box-sizing: border-box; outline: 0px; padding: 0px; margin-top: 0px; margin-bottom: 16px; color: rgb(79, 79, 79); line-height: 26px; text-align: justify; word-break: break-all; font-family: &amp;quot;PingFang SC&amp;quot;, &amp;quot;Microsoft YaHei&amp;quot;, SimHei, Arial, SimSun; white-space: normal; background-color: rgb(255, 255, 255); letter-spacing: 0.5px;&quot;&gt;&lt;span style=&quot;box-sizing: border-box; outline: 0px; word-break: break-all; font-size: 15px; font-family: Optima-Regular, PingFangTC-light;&quot;&gt;&lt;br/&gt;&lt;/span&gt;&lt;/p&gt;&lt;p style=&quot;box-sizing: border-box; outline: 0px; padding: 0px; margin-top: 0px; margin-bottom: 16px; color: rgb(79, 79, 79); line-height: 26px; text-align: justify; word-break: break-all; font-family: &amp;quot;PingFang SC&amp;quot;, &amp;quot;Microsoft YaHei&amp;quot;, SimHei, Arial, SimSun; white-space: normal; background-color: rgb(255, 255, 255); letter-spacing: 0.5px;&quot;&gt;&lt;span style=&quot;box-sizing: border-box; outline: 0px; word-break: break-all; font-size: 15px; font-family: Optima-Regular, PingFangTC-light;&quot;&gt;这种幸福来自于：&lt;/span&gt;&lt;/p&gt;&lt;p style=&quot;box-sizing: border-box; outline: 0px; padding: 0px; margin-top: 0px; margin-bottom: 16px; color: rgb(79, 79, 79); line-height: 26px; text-align: justify; word-break: break-all; font-family: &amp;quot;PingFang SC&amp;quot;, &amp;quot;Microsoft YaHei&amp;quot;, SimHei, Arial, SimSun; white-space: normal; background-color: rgb(255, 255, 255); letter-spacing: 0.5px;&quot;&gt;&lt;span style=&quot;box-sizing: border-box; outline: 0px; word-break: break-all; font-size: 15px; font-family: Optima-Regular, PingFangTC-light;&quot;&gt;发现新的好玩的东西所带来的新鲜感，&lt;/span&gt;&lt;/p&gt;&lt;p style=&quot;box-sizing: border-box; outline: 0px; padding: 0px; margin-top: 0px; margin-bottom: 16px; color: rgb(79, 79, 79); line-height: 26px; text-align: justify; word-break: break-all; font-family: &amp;quot;PingFang SC&amp;quot;, &amp;quot;Microsoft YaHei&amp;quot;, SimHei, Arial, SimSun; white-space: normal; background-color: rgb(255, 255, 255); letter-spacing: 0.5px;&quot;&gt;&lt;span style=&quot;box-sizing: border-box; outline: 0px; word-break: break-all; font-size: 15px; font-family: Optima-Regular, PingFangTC-light;&quot;&gt;写博客分享知识所带来的认同感，&lt;/span&gt;&lt;/p&gt;&lt;p style=&quot;box-sizing: border-box; outline: 0px; padding: 0px; margin-top: 0px; margin-bottom: 16px; color: rgb(79, 79, 79); line-height: 26px; text-align: justify; word-break: break-all; font-family: &amp;quot;PingFang SC&amp;quot;, &amp;quot;Microsoft YaHei&amp;quot;, SimHei, Arial, SimSun; white-space: normal; background-color: rgb(255, 255, 255); letter-spacing: 0.5px;&quot;&gt;&lt;span style=&quot;box-sizing: border-box; outline: 0px; word-break: break-all; font-size: 15px; font-family: Optima-Regular, PingFangTC-light;&quot;&gt;做的产品被很多人使用并且创造价值的自豪感，&lt;/span&gt;&lt;/p&gt;&lt;p style=&quot;box-sizing: border-box; outline: 0px; padding: 0px; margin-top: 0px; margin-bottom: 16px; color: rgb(79, 79, 79); line-height: 26px; text-align: justify; word-break: break-all; font-family: &amp;quot;PingFang SC&amp;quot;, &amp;quot;Microsoft YaHei&amp;quot;, SimHei, Arial, SimSun; white-space: normal; background-color: rgb(255, 255, 255); letter-spacing: 0.5px;&quot;&gt;&lt;span style=&quot;box-sizing: border-box; outline: 0px; word-break: break-all; font-size: 15px; font-family: Optima-Regular, PingFangTC-light;&quot;&gt;还有是对知识的不满足感。&lt;/span&gt;&lt;/p&gt;&lt;p style=&quot;box-sizing: border-box; outline: 0px; padding: 0px; margin-top: 0px; margin-bottom: 16px; color: rgb(79, 79, 79); line-height: 26px; text-align: justify; word-break: break-all; font-family: &amp;quot;PingFang SC&amp;quot;, &amp;quot;Microsoft YaHei&amp;quot;, SimHei, Arial, SimSun; white-space: normal; background-color: rgb(255, 255, 255); letter-spacing: 0.5px;&quot;&gt;&lt;span style=&quot;box-sizing: border-box; outline: 0px; word-break: break-all; font-size: 15px; font-family: Optima-Regular, PingFangTC-light;&quot;&gt;&lt;br/&gt;&lt;/span&gt;&lt;/p&gt;&lt;p style=&quot;box-sizing: border-box; outline: 0px; padding: 0px; margin-top: 0px; margin-bottom: 16px; color: rgb(79, 79, 79); line-height: 26px; text-align: justify; word-break: break-all; font-family: &amp;quot;PingFang SC&amp;quot;, &amp;quot;Microsoft YaHei&amp;quot;, SimHei, Arial, SimSun; white-space: normal; background-color: rgb(255, 255, 255); letter-spacing: 0.5px;&quot;&gt;&lt;span style=&quot;box-sizing: border-box; outline: 0px; word-break: break-all; font-size: 15px; font-family: Optima-Regular, PingFangTC-light;&quot;&gt;而思考与探索以后是否可以继续让兴趣支持事业成为可能，也是我这个多虑症患者一直在思考的事情。&lt;/span&gt;&lt;/p&gt;&lt;p&gt;&lt;br/&gt;&lt;/p&gt;', 3, 0, 1, 1529650703, 1529665159, NULL);
INSERT INTO `work_article` (`id`, `title`, `logo`, `author_id`, `category_id`, `description`, `content`, `comment_num`, `up`, `status`, `create_time`, `update_time`, `delete_time`) VALUES
(4, '身份采集、活体检测、人脸比对...旷视是如何做FaceID的？ | 公开课笔记', '/taopapa/public\\news\\5b2c9f544c09d.jpg', 0, 10, '&ldquo;刷脸&rdquo;曾一度是人们互相调侃时的用语，如今早已深深地融入我们的生活。从可以人脸解锁的手机，到人脸识别打卡机，甚至地铁&ldquo;刷脸&rdquo;进站&hellip;&hellip;', '&lt;p style=&quot;box-sizing: border-box; outline: 0px; padding: 0px; margin: 0px 8px; font-size: 17px; color: rgb(51, 51, 51); line-height: 26px; text-align: center; word-break: break-all; white-space: normal; clear: both; min-height: 1em; font-family: -apple-system-font, BlinkMacSystemFont, &amp;quot;Helvetica Neue&amp;quot;, &amp;quot;PingFang SC&amp;quot;, &amp;quot;Hiragino Sans GB&amp;quot;, &amp;quot;Microsoft YaHei UI&amp;quot;, &amp;quot;Microsoft YaHei&amp;quot;, Arial, sans-serif; letter-spacing: 0.544px; background-color: rgb(255, 255, 255);&quot;&gt;&lt;img src=&quot;https://img-blog.csdn.net/20180605192821503&quot; alt=&quot;&quot;/&gt;&lt;br/&gt;&lt;/p&gt;&lt;p style=&quot;box-sizing: border-box; outline: 0px; padding: 0px; margin: 0px 8px; font-size: 17px; color: rgb(51, 51, 51); line-height: 1.5em; text-align: justify; word-break: break-all; white-space: normal; clear: both; min-height: 1em; font-family: -apple-system-font, BlinkMacSystemFont, &amp;quot;Helvetica Neue&amp;quot;, &amp;quot;PingFang SC&amp;quot;, &amp;quot;Hiragino Sans GB&amp;quot;, &amp;quot;Microsoft YaHei UI&amp;quot;, &amp;quot;Microsoft YaHei&amp;quot;, Arial, sans-serif; letter-spacing: 0.544px; background-color: rgb(255, 255, 255);&quot;&gt;&lt;span style=&quot;box-sizing: border-box; outline: 0px; word-break: break-all; margin: 0px; padding: 0px; letter-spacing: 1px; font-size: 14px; color: rgb(136, 136, 136);&quot;&gt;&lt;br/&gt;&lt;/span&gt;&lt;/p&gt;&lt;p style=&quot;box-sizing: border-box; outline: 0px; padding: 0px; margin: 0px 8px; font-size: 17px; color: rgb(51, 51, 51); line-height: 1.5em; text-align: justify; word-break: break-all; white-space: normal; clear: both; min-height: 1em; font-family: -apple-system-font, BlinkMacSystemFont, &amp;quot;Helvetica Neue&amp;quot;, &amp;quot;PingFang SC&amp;quot;, &amp;quot;Hiragino Sans GB&amp;quot;, &amp;quot;Microsoft YaHei UI&amp;quot;, &amp;quot;Microsoft YaHei&amp;quot;, Arial, sans-serif; letter-spacing: 0.544px; background-color: rgb(255, 255, 255);&quot;&gt;&lt;span style=&quot;box-sizing: border-box; outline: 0px; word-break: break-all; margin: 0px; padding: 0px; letter-spacing: 1px; font-size: 14px; color: rgb(136, 136, 136);&quot;&gt;作者 | 彭建宏（旷视科技产品总监彭建宏）&lt;/span&gt;&lt;/p&gt;&lt;p style=&quot;box-sizing: border-box; outline: 0px; padding: 0px; margin: 0px 8px; font-size: 17px; color: rgb(51, 51, 51); line-height: 1.5em; text-align: justify; word-break: break-all; white-space: normal; clear: both; min-height: 1em; font-family: -apple-system-font, BlinkMacSystemFont, &amp;quot;Helvetica Neue&amp;quot;, &amp;quot;PingFang SC&amp;quot;, &amp;quot;Hiragino Sans GB&amp;quot;, &amp;quot;Microsoft YaHei UI&amp;quot;, &amp;quot;Microsoft YaHei&amp;quot;, Arial, sans-serif; letter-spacing: 0.544px; background-color: rgb(255, 255, 255);&quot;&gt;&lt;span style=&quot;box-sizing: border-box; outline: 0px; word-break: break-all; margin: 0px; padding: 0px; letter-spacing: 1px; font-size: 14px; color: rgb(136, 136, 136);&quot;&gt;整理 | Just&lt;/span&gt;&lt;/p&gt;&lt;p style=&quot;box-sizing: border-box; outline: 0px; padding: 0px; margin: 0px 8px; font-size: 17px; color: rgb(51, 51, 51); line-height: 1.5em; text-align: justify; word-break: break-all; white-space: normal; clear: both; min-height: 1em; font-family: -apple-system-font, BlinkMacSystemFont, &amp;quot;Helvetica Neue&amp;quot;, &amp;quot;PingFang SC&amp;quot;, &amp;quot;Hiragino Sans GB&amp;quot;, &amp;quot;Microsoft YaHei UI&amp;quot;, &amp;quot;Microsoft YaHei&amp;quot;, Arial, sans-serif; letter-spacing: 0.544px; background-color: rgb(255, 255, 255);&quot;&gt;&lt;span style=&quot;box-sizing: border-box; outline: 0px; word-break: break-all; margin: 0px; padding: 0px; letter-spacing: 1px; font-size: 14px; color: rgb(136, 136, 136);&quot;&gt;出品 | 人工智能头条（公众号ID：AI_Thinker）&lt;/span&gt;&lt;/p&gt;&lt;p style=&quot;box-sizing: border-box; outline: 0px; padding: 0px; margin-top: 0px; margin-bottom: 0px; font-size: 17px; color: rgb(51, 51, 51); line-height: 26px; text-align: justify; word-break: break-all; white-space: normal; clear: both; min-height: 1em; font-family: -apple-system-font, BlinkMacSystemFont, &amp;quot;Helvetica Neue&amp;quot;, &amp;quot;PingFang SC&amp;quot;, &amp;quot;Hiragino Sans GB&amp;quot;, &amp;quot;Microsoft YaHei UI&amp;quot;, &amp;quot;Microsoft YaHei&amp;quot;, Arial, sans-serif; letter-spacing: 0.544px; background-color: rgb(255, 255, 255);&quot;&gt;&lt;br/&gt;&lt;/p&gt;&lt;p style=&quot;box-sizing: border-box; outline: 0px; padding: 0px; margin: 0px 8px; font-size: 17px; color: rgb(51, 51, 51); line-height: 1.75em; text-align: justify; word-break: break-all; white-space: normal; clear: both; min-height: 1em; font-family: -apple-system-font, BlinkMacSystemFont, &amp;quot;Helvetica Neue&amp;quot;, &amp;quot;PingFang SC&amp;quot;, &amp;quot;Hiragino Sans GB&amp;quot;, &amp;quot;Microsoft YaHei UI&amp;quot;, &amp;quot;Microsoft YaHei&amp;quot;, Arial, sans-serif; letter-spacing: 0.544px; background-color: rgb(255, 255, 255);&quot;&gt;&lt;span style=&quot;box-sizing: border-box; outline: 0px; word-break: break-all; margin: 0px; padding: 0px; letter-spacing: 1px; font-size: 15px; color: rgb(63, 63, 63);&quot;&gt;&ldquo;刷脸&rdquo;曾一度是人们互相调侃时的用语，如今早已深深地融入我们的生活。从可以人脸解锁的手机，到人脸识别打卡机，甚至地铁&ldquo;刷脸&rdquo;进站&hellip;&hellip;&lt;/span&gt;&lt;/p&gt;&lt;p style=&quot;box-sizing: border-box; outline: 0px; padding: 0px; margin-top: 0px; margin-bottom: 0px; font-size: 17px; color: rgb(51, 51, 51); line-height: 26px; text-align: justify; word-break: break-all; white-space: normal; clear: both; min-height: 1em; font-family: -apple-system-font, BlinkMacSystemFont, &amp;quot;Helvetica Neue&amp;quot;, &amp;quot;PingFang SC&amp;quot;, &amp;quot;Hiragino Sans GB&amp;quot;, &amp;quot;Microsoft YaHei UI&amp;quot;, &amp;quot;Microsoft YaHei&amp;quot;, Arial, sans-serif; letter-spacing: 0.544px; background-color: rgb(255, 255, 255);&quot;&gt;&lt;br/&gt;&lt;/p&gt;&lt;p style=&quot;box-sizing: border-box; outline: 0px; padding: 0px; margin: 0px 8px; font-size: 17px; color: rgb(51, 51, 51); line-height: 1.75em; text-align: justify; word-break: break-all; white-space: normal; clear: both; min-height: 1em; font-family: -apple-system-font, BlinkMacSystemFont, &amp;quot;Helvetica Neue&amp;quot;, &amp;quot;PingFang SC&amp;quot;, &amp;quot;Hiragino Sans GB&amp;quot;, &amp;quot;Microsoft YaHei UI&amp;quot;, &amp;quot;Microsoft YaHei&amp;quot;, Arial, sans-serif; letter-spacing: 0.544px; background-color: rgb(255, 255, 255);&quot;&gt;&lt;span style=&quot;box-sizing: border-box; outline: 0px; word-break: break-all; margin: 0px; padding: 0px; letter-spacing: 1px; font-size: 15px; color: rgb(63, 63, 63);&quot;&gt;人脸识别技术越来越多地应用在了各种身份验证场景，在这种看起来发生在电光火石之间的应用背后，又有哪些不易察觉的技术在做精准判别？算法又是通过何种方式来抵御各种欺诈式攻击？&lt;/span&gt;&lt;/p&gt;&lt;p style=&quot;box-sizing: border-box; outline: 0px; padding: 0px; margin-top: 0px; margin-bottom: 0px; font-size: 17px; color: rgb(51, 51, 51); line-height: 26px; text-align: justify; word-break: break-all; white-space: normal; clear: both; min-height: 1em; font-family: -apple-system-font, BlinkMacSystemFont, &amp;quot;Helvetica Neue&amp;quot;, &amp;quot;PingFang SC&amp;quot;, &amp;quot;Hiragino Sans GB&amp;quot;, &amp;quot;Microsoft YaHei UI&amp;quot;, &amp;quot;Microsoft YaHei&amp;quot;, Arial, sans-serif; letter-spacing: 0.544px; background-color: rgb(255, 255, 255);&quot;&gt;&lt;br/&gt;&lt;/p&gt;&lt;p style=&quot;box-sizing: border-box; outline: 0px; padding: 0px; margin: 0px 8px; font-size: 17px; color: rgb(51, 51, 51); line-height: 1.75em; text-align: justify; word-break: break-all; white-space: normal; clear: both; min-height: 1em; font-family: -apple-system-font, BlinkMacSystemFont, &amp;quot;Helvetica Neue&amp;quot;, &amp;quot;PingFang SC&amp;quot;, &amp;quot;Hiragino Sans GB&amp;quot;, &amp;quot;Microsoft YaHei UI&amp;quot;, &amp;quot;Microsoft YaHei&amp;quot;, Arial, sans-serif; letter-spacing: 0.544px; background-color: rgb(255, 255, 255);&quot;&gt;&lt;span style=&quot;box-sizing: border-box; outline: 0px; word-break: break-all; margin: 0px; padding: 0px; letter-spacing: 1px; font-size: 15px; color: rgb(63, 63, 63);&quot;&gt;我们近期邀请到旷视科技产品总监彭建宏，他负责 FaceID 在线身份验证云服务的产品设计。在本次公开课上，他讲述了深度学习在互联网身份验证服务中的应用以及人脸识别活体检测（动作、炫彩、视频、静默）技术应用场景及实现方式。&lt;/span&gt;&lt;/p&gt;&lt;p style=&quot;box-sizing: border-box; outline: 0px; padding: 0px; margin: 0px 8px; font-size: 17px; color: rgb(51, 51, 51); line-height: 1.75em; text-align: justify; word-break: break-all; white-space: normal; clear: both; min-height: 1em; font-family: -apple-system-font, BlinkMacSystemFont, &amp;quot;Helvetica Neue&amp;quot;, &amp;quot;PingFang SC&amp;quot;, &amp;quot;Hiragino Sans GB&amp;quot;, &amp;quot;Microsoft YaHei UI&amp;quot;, &amp;quot;Microsoft YaHei&amp;quot;, Arial, sans-serif; letter-spacing: 0.544px; background-color: rgb(255, 255, 255);&quot;&gt;&lt;span style=&quot;box-sizing: border-box; outline: 0px; word-break: break-all; margin: 0px; padding: 0px; letter-spacing: 1px; font-size: 15px; color: rgb(63, 63, 63);&quot;&gt;&lt;br/&gt;&lt;/span&gt;&lt;/p&gt;&lt;p style=&quot;box-sizing: border-box; outline: 0px; padding: 0px; margin: 0px 8px; font-size: 17px; color: rgb(51, 51, 51); line-height: 1.75em; text-align: justify; word-break: break-all; white-space: normal; clear: both; min-height: 1em; font-family: -apple-system-font, BlinkMacSystemFont, &amp;quot;Helvetica Neue&amp;quot;, &amp;quot;PingFang SC&amp;quot;, &amp;quot;Hiragino Sans GB&amp;quot;, &amp;quot;Microsoft YaHei UI&amp;quot;, &amp;quot;Microsoft YaHei&amp;quot;, Arial, sans-serif; letter-spacing: 0.544px; background-color: rgb(255, 255, 255);&quot;&gt;&lt;span style=&quot;box-sizing: border-box; outline: 0px; word-break: break-all; margin: 0px; padding: 0px; letter-spacing: 1px; font-size: 15px; color: rgb(63, 63, 63);&quot;&gt;（视频地址：&lt;a href=&quot;https://v.qq.com/x/page/k0678hscngd.html&quot; target=&quot;_blank&quot; style=&quot;box-sizing: border-box; outline: 0px; color: rgb(103, 149, 181); text-decoration-line: none; cursor: pointer; word-break: break-all;&quot;&gt;https://v.qq.com/x/page/k0678hscngd.html&lt;/a&gt;）&lt;/span&gt;&lt;/p&gt;&lt;p style=&quot;box-sizing: border-box; outline: 0px; padding: 0px; margin: 0px 8px; font-size: 17px; color: rgb(51, 51, 51); line-height: 1.75em; text-align: justify; word-break: break-all; white-space: normal; clear: both; min-height: 1em; font-family: -apple-system-font, BlinkMacSystemFont, &amp;quot;Helvetica Neue&amp;quot;, &amp;quot;PingFang SC&amp;quot;, &amp;quot;Hiragino Sans GB&amp;quot;, &amp;quot;Microsoft YaHei UI&amp;quot;, &amp;quot;Microsoft YaHei&amp;quot;, Arial, sans-serif; letter-spacing: 0.544px; background-color: rgb(255, 255, 255);&quot;&gt;&lt;span style=&quot;box-sizing: border-box; outline: 0px; word-break: break-all; color: rgb(63, 63, 63); font-size: 15px; letter-spacing: 1px;&quot;&gt;&lt;br/&gt;&lt;/span&gt;&lt;/p&gt;&lt;p style=&quot;box-sizing: border-box; outline: 0px; padding: 0px; margin: 0px 8px; font-size: 17px; color: rgb(51, 51, 51); line-height: 1.75em; text-align: justify; word-break: break-all; white-space: normal; clear: both; min-height: 1em; font-family: -apple-system-font, BlinkMacSystemFont, &amp;quot;Helvetica Neue&amp;quot;, &amp;quot;PingFang SC&amp;quot;, &amp;quot;Hiragino Sans GB&amp;quot;, &amp;quot;Microsoft YaHei UI&amp;quot;, &amp;quot;Microsoft YaHei&amp;quot;, Arial, sans-serif; letter-spacing: 0.544px; background-color: rgb(255, 255, 255);&quot;&gt;&lt;span style=&quot;box-sizing: border-box; outline: 0px; word-break: break-all; color: rgb(63, 63, 63); font-size: 15px; letter-spacing: 1px;&quot;&gt;&lt;span style=&quot;box-sizing: border-box; outline: 0px; font-weight: 700; word-break: break-all;&quot;&gt;以下为彭建宏公开课演讲内容实录：&lt;/span&gt;&lt;/span&gt;&lt;/p&gt;&lt;p style=&quot;box-sizing: border-box; outline: 0px; padding: 0px; margin-top: 0px; margin-bottom: 0px; font-size: 17px; color: rgb(51, 51, 51); line-height: 26px; text-align: justify; word-break: break-all; white-space: normal; clear: both; min-height: 1em; font-family: -apple-system-font, BlinkMacSystemFont, &amp;quot;Helvetica Neue&amp;quot;, &amp;quot;PingFang SC&amp;quot;, &amp;quot;Hiragino Sans GB&amp;quot;, &amp;quot;Microsoft YaHei UI&amp;quot;, &amp;quot;Microsoft YaHei&amp;quot;, Arial, sans-serif; letter-spacing: 0.544px; background-color: rgb(255, 255, 255);&quot;&gt;&lt;br/&gt;&lt;/p&gt;&lt;p style=&quot;box-sizing: border-box; outline: 0px; padding: 0px; margin: 0px 8px; font-size: 17px; color: rgb(51, 51, 51); line-height: 1.75em; text-align: justify; word-break: break-all; white-space: normal; clear: both; min-height: 1em; font-family: -apple-system-font, BlinkMacSystemFont, &amp;quot;Helvetica Neue&amp;quot;, &amp;quot;PingFang SC&amp;quot;, &amp;quot;Hiragino Sans GB&amp;quot;, &amp;quot;Microsoft YaHei UI&amp;quot;, &amp;quot;Microsoft YaHei&amp;quot;, Arial, sans-serif; letter-spacing: 0.544px; background-color: rgb(255, 255, 255);&quot;&gt;&lt;span style=&quot;box-sizing: border-box; outline: 0px; word-break: break-all; margin: 0px; padding: 0px; letter-spacing: 1px; font-size: 15px; color: rgb(63, 63, 63);&quot;&gt;今天我们主要说的是 FaceID，它在我们产品矩阵里更像是一套解决方案，是身份验证的金融级解决方案。我们在生活中有很多场景是想验证，证明你是你。&lt;/span&gt;&lt;/p&gt;&lt;p style=&quot;box-sizing: border-box; outline: 0px; padding: 0px; margin-top: 0px; margin-bottom: 0px; font-size: 17px; color: rgb(51, 51, 51); line-height: 26px; text-align: justify; word-break: break-all; white-space: normal; clear: both; min-height: 1em; font-family: -apple-system-font, BlinkMacSystemFont, &amp;quot;Helvetica Neue&amp;quot;, &amp;quot;PingFang SC&amp;quot;, &amp;quot;Hiragino Sans GB&amp;quot;, &amp;quot;Microsoft YaHei UI&amp;quot;, &amp;quot;Microsoft YaHei&amp;quot;, Arial, sans-serif; letter-spacing: 0.544px; background-color: rgb(255, 255, 255);&quot;&gt;&lt;br/&gt;&lt;/p&gt;&lt;p style=&quot;box-sizing: border-box; outline: 0px; padding: 0px; margin: 0px 8px; font-size: 17px; color: rgb(51, 51, 51); line-height: 1.75em; text-align: justify; word-break: break-all; white-space: normal; clear: both; min-height: 1em; font-family: -apple-system-font, BlinkMacSystemFont, &amp;quot;Helvetica Neue&amp;quot;, &amp;quot;PingFang SC&amp;quot;, &amp;quot;Hiragino Sans GB&amp;quot;, &amp;quot;Microsoft YaHei UI&amp;quot;, &amp;quot;Microsoft YaHei&amp;quot;, Arial, sans-serif; letter-spacing: 0.544px; background-color: rgb(255, 255, 255);&quot;&gt;&lt;span style=&quot;box-sizing: border-box; outline: 0px; word-break: break-all; margin: 0px; padding: 0px; letter-spacing: 1px; font-size: 15px; color: rgb(63, 63, 63);&quot;&gt;基本所有的互联网金融公司都会在我们借贷的时候要去验证你是你，这就需要做一个你是你这样一个证明，所以如何提供一套可靠的方案去验证你是你这件事情就已经变得非常重要，大家可能很容易想到验证的方法有很多，包括之前大量使用的指纹识别，还有一些电影里边经常出现的虹膜识别，还有最近特别火的人脸识别。&lt;/span&gt;&lt;/p&gt;&lt;p style=&quot;box-sizing: border-box; outline: 0px; padding: 0px; margin-top: 0px; margin-bottom: 0px; font-size: 17px; color: rgb(51, 51, 51); line-height: 26px; text-align: justify; word-break: break-all; white-space: normal; clear: both; min-height: 1em; font-family: -apple-system-font, BlinkMacSystemFont, &amp;quot;Helvetica Neue&amp;quot;, &amp;quot;PingFang SC&amp;quot;, &amp;quot;Hiragino Sans GB&amp;quot;, &amp;quot;Microsoft YaHei UI&amp;quot;, &amp;quot;Microsoft YaHei&amp;quot;, Arial, sans-serif; letter-spacing: 0.544px; background-color: rgb(255, 255, 255);&quot;&gt;&lt;br/&gt;&lt;/p&gt;&lt;p style=&quot;box-sizing: border-box; outline: 0px; padding: 0px; margin: 0px 8px; font-size: 17px; color: rgb(51, 51, 51); line-height: 1.75em; text-align: justify; word-break: break-all; white-space: normal; clear: both; min-height: 1em; font-family: -apple-system-font, BlinkMacSystemFont, &amp;quot;Helvetica Neue&amp;quot;, &amp;quot;PingFang SC&amp;quot;, &amp;quot;Hiragino Sans GB&amp;quot;, &amp;quot;Microsoft YaHei UI&amp;quot;, &amp;quot;Microsoft YaHei&amp;quot;, Arial, sans-serif; letter-spacing: 0.544px; background-color: rgb(255, 255, 255);&quot;&gt;&lt;span style=&quot;box-sizing: border-box; outline: 0px; word-break: break-all; margin: 0px; padding: 0px; letter-spacing: 1px; font-size: 15px; color: rgb(63, 63, 63);&quot;&gt;下面我说一下技术特点。关于人脸识别，大家很容易想到第一个特点就是体验非常好，非常自然、便利，但它的缺点也很多，首先隐私性更差，我们要想获得别人的指纹和虹膜的代价非常大，但是要获得别人面部的照片这个代价就非常的小了。第二是由于光照、年龄、胡须、还有眼镜等等因素，人脸识别的稳定性会比较低。第三是指纹识别、虹膜识别都有主动性，人脸识别具有被动性，这也是之前 iPhoneX 刚出来的时候，很多人担心不经意被人错刷，或者去误刷支付或者检索等等&mdash;&mdash;弱阴私性，弱稳定性还有被动性，就对人脸识别的商业化应用提出了更高的技术要求。&lt;/span&gt;&lt;/p&gt;&lt;p style=&quot;box-sizing: border-box; outline: 0px; padding: 0px; margin-top: 0px; margin-bottom: 0px; font-size: 17px; color: rgb(51, 51, 51); line-height: 26px; text-align: justify; word-break: break-all; white-space: normal; clear: both; min-height: 1em; font-family: -apple-system-font, BlinkMacSystemFont, &amp;quot;Helvetica Neue&amp;quot;, &amp;quot;PingFang SC&amp;quot;, &amp;quot;Hiragino Sans GB&amp;quot;, &amp;quot;Microsoft YaHei UI&amp;quot;, &amp;quot;Microsoft YaHei&amp;quot;, Arial, sans-serif; letter-spacing: 0.544px; background-color: rgb(255, 255, 255);&quot;&gt;&lt;br/&gt;&lt;/p&gt;&lt;p style=&quot;box-sizing: border-box; outline: 0px; padding: 0px; margin: 0px 8px; font-size: 17px; color: rgb(51, 51, 51); line-height: 1.75em; text-align: justify; word-break: break-all; white-space: normal; clear: both; min-height: 1em; font-family: -apple-system-font, BlinkMacSystemFont, &amp;quot;Helvetica Neue&amp;quot;, &amp;quot;PingFang SC&amp;quot;, &amp;quot;Hiragino Sans GB&amp;quot;, &amp;quot;Microsoft YaHei UI&amp;quot;, &amp;quot;Microsoft YaHei&amp;quot;, Arial, sans-serif; letter-spacing: 0.544px; background-color: rgb(255, 255, 255);&quot;&gt;&lt;span style=&quot;box-sizing: border-box; outline: 0px; word-break: break-all; margin: 0px; padding: 0px; letter-spacing: 1px; font-size: 15px; color: rgb(63, 63, 63);&quot;&gt;深度学习技术的迅猛发展，使得图像识别、分类跟检测的准确率大幅提高，但真正要做成一套金融级解决方案还不是那么简单的，这张图就展示了一个整体的 FaceID 提供的金融级整体的解决方案。&lt;/span&gt;&lt;/p&gt;&lt;p style=&quot;box-sizing: border-box; outline: 0px; padding: 0px; margin-top: 0px; margin-bottom: 0px; font-size: 17px; color: rgb(51, 51, 51); line-height: 26px; text-align: justify; word-break: break-all; white-space: normal; clear: both; min-height: 1em; font-family: -apple-system-font, BlinkMacSystemFont, &amp;quot;Helvetica Neue&amp;quot;, &amp;quot;PingFang SC&amp;quot;, &amp;quot;Hiragino Sans GB&amp;quot;, &amp;quot;Microsoft YaHei UI&amp;quot;, &amp;quot;Microsoft YaHei&amp;quot;, Arial, sans-serif; letter-spacing: 0.544px; background-color: rgb(255, 255, 255);&quot;&gt;&lt;br/&gt;&lt;/p&gt;&lt;p style=&quot;box-sizing: border-box; outline: 0px; padding: 0px; margin: 0px 8px; font-size: 17px; color: rgb(51, 51, 51); line-height: 1.75em; text-align: center; word-break: break-all; white-space: normal; clear: both; min-height: 1em; font-family: -apple-system-font, BlinkMacSystemFont, &amp;quot;Helvetica Neue&amp;quot;, &amp;quot;PingFang SC&amp;quot;, &amp;quot;Hiragino Sans GB&amp;quot;, &amp;quot;Microsoft YaHei UI&amp;quot;, &amp;quot;Microsoft YaHei&amp;quot;, Arial, sans-serif; letter-spacing: 0.544px; background-color: rgb(255, 255, 255);&quot;&gt;&lt;span style=&quot;box-sizing: border-box; outline: 0px; word-break: break-all; margin: 0px; padding: 0px; letter-spacing: 1px; font-size: 15px; color: rgb(63, 63, 63);&quot;&gt;&lt;img src=&quot;https://img-blog.csdn.net/20180605193018899&quot; alt=&quot;&quot;/&gt;﻿&lt;/span&gt;&lt;span style=&quot;box-sizing: border-box; outline: 0px; word-break: break-all; margin: 0px; padding: 0px; letter-spacing: 1px; font-size: 15px; color: rgb(63, 63, 63);&quot;&gt;﻿&lt;/span&gt;&lt;/p&gt;&lt;p style=&quot;box-sizing: border-box; outline: 0px; padding: 0px; margin-top: 0px; margin-bottom: 0px; font-size: 17px; color: rgb(51, 51, 51); line-height: 26px; text-align: justify; word-break: break-all; white-space: normal; clear: both; min-height: 1em; font-family: -apple-system-font, BlinkMacSystemFont, &amp;quot;Helvetica Neue&amp;quot;, &amp;quot;PingFang SC&amp;quot;, &amp;quot;Hiragino Sans GB&amp;quot;, &amp;quot;Microsoft YaHei UI&amp;quot;, &amp;quot;Microsoft YaHei&amp;quot;, Arial, sans-serif; letter-spacing: 0.544px; background-color: rgb(255, 255, 255);&quot;&gt;&lt;br/&gt;&lt;/p&gt;&lt;p style=&quot;box-sizing: border-box; outline: 0px; padding: 0px; margin: 0px 8px; font-size: 17px; color: rgb(51, 51, 51); line-height: 1.75em; text-align: justify; word-break: break-all; white-space: normal; clear: both; min-height: 1em; font-family: -apple-system-font, BlinkMacSystemFont, &amp;quot;Helvetica Neue&amp;quot;, &amp;quot;PingFang SC&amp;quot;, &amp;quot;Hiragino Sans GB&amp;quot;, &amp;quot;Microsoft YaHei UI&amp;quot;, &amp;quot;Microsoft YaHei&amp;quot;, Arial, sans-serif; letter-spacing: 0.544px; background-color: rgb(255, 255, 255);&quot;&gt;&lt;span style=&quot;box-sizing: border-box; outline: 0px; word-break: break-all; margin: 0px; padding: 0px; letter-spacing: 1px; font-size: 15px; color: rgb(63, 63, 63);&quot;&gt;在这个架构图中，我们可以看到，FaceID 的用户提供了多种产品形态，包括移动端的 SDK，H5，微信/小程序、第三方渠道 APP 以及 PC 端。从功能上来说呢，我们的产品包括身份证的质量检测、身份证 OCR 识别、活体检测、攻击检测以及人脸比对，整个解决方案可以看出是建立在云跟端两个基础上，我们在端上提供了 UI 解决方案，就提供 UI 界面可以方便集成，如果觉得我们的 UI 做得不符合大家的要求，也可以去做一些定制化开发，整个核心功能里有活体检测，在端上跟云上分别有自己的实现。&lt;/span&gt;&lt;/p&gt;&lt;p style=&quot;box-sizing: border-box; outline: 0px; padding: 0px; margin-top: 0px; margin-bottom: 0px; font-size: 17px; color: rgb(51, 51, 51); line-height: 26px; text-align: justify; word-break: break-all; white-space: normal; clear: both; min-height: 1em; font-family: -apple-system-font, BlinkMacSystemFont, &amp;quot;Helvetica Neue&amp;quot;, &amp;quot;PingFang SC&amp;quot;, &amp;quot;Hiragino Sans GB&amp;quot;, &amp;quot;Microsoft YaHei UI&amp;quot;, &amp;quot;Microsoft YaHei&amp;quot;, Arial, sans-serif; letter-spacing: 0.544px; background-color: rgb(255, 255, 255);&quot;&gt;&lt;br/&gt;&lt;/p&gt;&lt;p style=&quot;box-sizing: border-box; outline: 0px; padding: 0px; margin: 0px 8px; font-size: 17px; color: rgb(51, 51, 51); line-height: 1.75em; text-align: center; word-break: break-all; white-space: normal; clear: both; min-height: 1em; font-family: -apple-system-font, BlinkMacSystemFont, &amp;quot;Helvetica Neue&amp;quot;, &amp;quot;PingFang SC&amp;quot;, &amp;quot;Hiragino Sans GB&amp;quot;, &amp;quot;Microsoft YaHei UI&amp;quot;, &amp;quot;Microsoft YaHei&amp;quot;, Arial, sans-serif; letter-spacing: 0.544px; background-color: rgb(255, 255, 255);&quot;&gt;&lt;img src=&quot;https://img-blog.csdn.net/20180605193115979&quot; alt=&quot;&quot;/&gt;&lt;br/&gt;&lt;/p&gt;&lt;p style=&quot;box-sizing: border-box; outline: 0px; padding: 0px; margin-top: 0px; margin-bottom: 0px; font-size: 17px; color: rgb(51, 51, 51); line-height: 26px; text-align: justify; word-break: break-all; white-space: normal; clear: both; min-height: 1em; font-family: -apple-system-font, BlinkMacSystemFont, &amp;quot;Helvetica Neue&amp;quot;, &amp;quot;PingFang SC&amp;quot;, &amp;quot;Hiragino Sans GB&amp;quot;, &amp;quot;Microsoft YaHei UI&amp;quot;, &amp;quot;Microsoft YaHei&amp;quot;, Arial, sans-serif; letter-spacing: 0.544px; background-color: rgb(255, 255, 255);&quot;&gt;&lt;br/&gt;&lt;/p&gt;&lt;p style=&quot;box-sizing: border-box; outline: 0px; padding: 0px; margin: 0px 8px; font-size: 17px; color: rgb(51, 51, 51); line-height: 1.75em; text-align: justify; word-break: break-all; white-space: normal; clear: both; min-height: 1em; font-family: -apple-system-font, BlinkMacSystemFont, &amp;quot;Helvetica Neue&amp;quot;, &amp;quot;PingFang SC&amp;quot;, &amp;quot;Hiragino Sans GB&amp;quot;, &amp;quot;Microsoft YaHei UI&amp;quot;, &amp;quot;Microsoft YaHei&amp;quot;, Arial, sans-serif; letter-spacing: 0.544px; background-color: rgb(255, 255, 255);&quot;&gt;&lt;span style=&quot;box-sizing: border-box; outline: 0px; word-break: break-all; margin: 0px; padding: 0px; letter-spacing: 1px; font-size: 15px; color: rgb(63, 63, 63);&quot;&gt;同时针对不同的活体攻击方案，还会采用不同的活体策略。我们在现实中的活体检测中，线上运营会实时收集各种图片做标注，及时把算法进行更新，可以确保最新的攻击可以在第一时间内进行响应和返馈，这也是为我们整个深度学习算法不断注入新血液。&lt;/span&gt;&lt;/p&gt;&lt;p style=&quot;box-sizing: border-box; outline: 0px; padding: 0px; margin-top: 0px; margin-bottom: 0px; font-size: 17px; color: rgb(51, 51, 51); line-height: 26px; text-align: justify; word-break: break-all; white-space: normal; clear: both; min-height: 1em; font-family: -apple-system-font, BlinkMacSystemFont, &amp;quot;Helvetica Neue&amp;quot;, &amp;quot;PingFang SC&amp;quot;, &amp;quot;Hiragino Sans GB&amp;quot;, &amp;quot;Microsoft YaHei UI&amp;quot;, &amp;quot;Microsoft YaHei&amp;quot;, Arial, sans-serif; letter-spacing: 0.544px; background-color: rgb(255, 255, 255);&quot;&gt;&lt;br/&gt;&lt;/p&gt;&lt;p style=&quot;box-sizing: border-box; outline: 0px; padding: 0px; margin-top: 0px; margin-bottom: 0px; font-size: 17px; color: rgb(51, 51, 51); line-height: 26px; text-align: justify; word-break: break-all; white-space: normal; clear: both; min-height: 1em; font-family: -apple-system-font, BlinkMacSystemFont, &amp;quot;Helvetica Neue&amp;quot;, &amp;quot;PingFang SC&amp;quot;, &amp;quot;Hiragino Sans GB&amp;quot;, &amp;quot;Microsoft YaHei UI&amp;quot;, &amp;quot;Microsoft YaHei&amp;quot;, Arial, sans-serif; letter-spacing: 0.544px; background-color: rgb(255, 255, 255);&quot;&gt;&lt;span style=&quot;box-sizing: border-box; outline: 0px; word-break: break-all; margin: 0px; padding: 0px; color: rgb(204, 0, 1); font-size: 16px;&quot;&gt;&lt;span style=&quot;box-sizing: border-box; outline: 0px; word-break: break-all; margin: 0px; padding: 0px; letter-spacing: 1px; font-size: 18px;&quot;&gt;&lt;span style=&quot;box-sizing: border-box; outline: 0px; font-weight: 700; word-break: break-all;&quot;&gt;&lt;span style=&quot;box-sizing: border-box; outline: 0px; word-break: break-all; margin: 0px; padding: 0px;&quot;&gt;▌&lt;/span&gt;身份证采集&lt;/span&gt;&lt;/span&gt;&lt;/span&gt;&lt;/p&gt;&lt;p style=&quot;box-sizing: border-box; outline: 0px; padding: 0px; margin-top: 0px; margin-bottom: 0px; font-size: 17px; color: rgb(51, 51, 51); line-height: 26px; text-align: justify; word-break: break-all; white-space: normal; clear: both; min-height: 1em; font-family: -apple-system-font, BlinkMacSystemFont, &amp;quot;Helvetica Neue&amp;quot;, &amp;quot;PingFang SC&amp;quot;, &amp;quot;Hiragino Sans GB&amp;quot;, &amp;quot;Microsoft YaHei UI&amp;quot;, &amp;quot;Microsoft YaHei&amp;quot;, Arial, sans-serif; letter-spacing: 0.544px; background-color: rgb(255, 255, 255);&quot;&gt;&lt;span style=&quot;box-sizing: border-box; outline: 0px; word-break: break-all; margin: 0px; padding: 0px; color: rgb(204, 0, 1); font-size: 16px;&quot;&gt;&lt;span style=&quot;box-sizing: border-box; outline: 0px; word-break: break-all; margin: 0px; padding: 0px; letter-spacing: 1px; font-size: 18px;&quot;&gt;&lt;br/&gt;&lt;/span&gt;&lt;/span&gt;&lt;/p&gt;&lt;p style=&quot;box-sizing: border-box; outline: 0px; padding: 0px; margin: 0px 8px; font-size: 17px; color: rgb(51, 51, 51); line-height: 1.75em; text-align: center; word-break: break-all; white-space: normal; clear: both; min-height: 1em; font-family: -apple-system-font, BlinkMacSystemFont, &amp;quot;Helvetica Neue&amp;quot;, &amp;quot;PingFang SC&amp;quot;, &amp;quot;Hiragino Sans GB&amp;quot;, &amp;quot;Microsoft YaHei UI&amp;quot;, &amp;quot;Microsoft YaHei&amp;quot;, Arial, sans-serif; letter-spacing: 0.544px; background-color: rgb(255, 255, 255);&quot;&gt;&lt;img src=&quot;https://img-blog.csdn.net/20180605193133427&quot; alt=&quot;&quot;/&gt;&lt;br/&gt;&lt;/p&gt;&lt;p style=&quot;box-sizing: border-box; outline: 0px; padding: 0px; margin-top: 0px; margin-bottom: 0px; font-size: 17px; color: rgb(51, 51, 51); line-height: 26px; text-align: justify; word-break: break-all; white-space: normal; clear: both; min-height: 1em; font-family: -apple-system-font, BlinkMacSystemFont, &amp;quot;Helvetica Neue&amp;quot;, &amp;quot;PingFang SC&amp;quot;, &amp;quot;Hiragino Sans GB&amp;quot;, &amp;quot;Microsoft YaHei UI&amp;quot;, &amp;quot;Microsoft YaHei&amp;quot;, Arial, sans-serif; letter-spacing: 0.544px; background-color: rgb(255, 255, 255);&quot;&gt;&lt;br/&gt;&lt;/p&gt;&lt;p style=&quot;box-sizing: border-box; outline: 0px; padding: 0px; margin: 0px 8px; font-size: 17px; color: rgb(51, 51, 51); line-height: 1.75em; text-align: justify; word-break: break-all; white-space: normal; clear: both; min-height: 1em; font-family: -apple-system-font, BlinkMacSystemFont, &amp;quot;Helvetica Neue&amp;quot;, &amp;quot;PingFang SC&amp;quot;, &amp;quot;Hiragino Sans GB&amp;quot;, &amp;quot;Microsoft YaHei UI&amp;quot;, &amp;quot;Microsoft YaHei&amp;quot;, Arial, sans-serif; letter-spacing: 0.544px; background-color: rgb(255, 255, 255);&quot;&gt;&lt;span style=&quot;box-sizing: border-box; outline: 0px; word-break: break-all; margin: 0px; padding: 0px; letter-spacing: 1px; font-size: 15px; color: rgb(63, 63, 63);&quot;&gt;整个流程是这样的，用户会先进行身份证采集，系统其实会要求用户先去拍一张身份证的正面跟反面，这个过程是在端上进行完成的。拍摄以后，我们会在云上进行，OCR 识别是在云上完成的，我们不仅会去识别身份证上面的信息，还会去识别这个身份证的一些分类。由于不同的业务场景不同，这个分类信息会反馈给用户，用户来判断是否接受。在很多严肃的场景下，很多客户可能只能接受身份证原件，识别出来的文字我们也会根据用户的业务不同做相应不同的处理，因为有些客户就要我们识别出来的文字，用户是不能去修改身份证号和姓名的。&lt;/span&gt;&lt;/p&gt;&lt;p style=&quot;box-sizing: border-box; outline: 0px; padding: 0px; margin-top: 0px; margin-bottom: 0px; font-size: 17px; color: rgb(51, 51, 51); line-height: 26px; text-align: justify; word-break: break-all; white-space: normal; clear: both; min-height: 1em; font-family: -apple-system-font, BlinkMacSystemFont, &amp;quot;Helvetica Neue&amp;quot;, &amp;quot;PingFang SC&amp;quot;, &amp;quot;Hiragino Sans GB&amp;quot;, &amp;quot;Microsoft YaHei UI&amp;quot;, &amp;quot;Microsoft YaHei&amp;quot;, Arial, sans-serif; letter-spacing: 0.544px; background-color: rgb(255, 255, 255);&quot;&gt;&lt;br/&gt;&lt;/p&gt;&lt;p style=&quot;box-sizing: border-box; outline: 0px; padding: 0px; margin: 0px 8px; font-size: 17px; color: rgb(51, 51, 51); line-height: 1.75em; text-align: center; word-break: break-all; white-space: normal; clear: both; min-height: 1em; font-family: -apple-system-font, BlinkMacSystemFont, &amp;quot;Helvetica Neue&amp;quot;, &amp;quot;PingFang SC&amp;quot;, &amp;quot;Hiragino Sans GB&amp;quot;, &amp;quot;Microsoft YaHei UI&amp;quot;, &amp;quot;Microsoft YaHei&amp;quot;, Arial, sans-serif; letter-spacing: 0.544px; background-color: rgb(255, 255, 255);&quot;&gt;&lt;img src=&quot;https://img-blog.csdn.net/20180605193141851&quot; alt=&quot;&quot;/&gt;&lt;br/&gt;&lt;/p&gt;&lt;p style=&quot;box-sizing: border-box; outline: 0px; padding: 0px; margin-top: 0px; margin-bottom: 0px; font-size: 17px; color: rgb(51, 51, 51); line-height: 26px; text-align: justify; word-break: break-all; white-space: normal; clear: both; min-height: 1em; font-family: -apple-system-font, BlinkMacSystemFont, &amp;quot;Helvetica Neue&amp;quot;, &amp;quot;PingFang SC&amp;quot;, &amp;quot;Hiragino Sans GB&amp;quot;, &amp;quot;Microsoft YaHei UI&amp;quot;, &amp;quot;Microsoft YaHei&amp;quot;, Arial, sans-serif; letter-spacing: 0.544px; background-color: rgb(255, 255, 255);&quot;&gt;&lt;br/&gt;&lt;/p&gt;&lt;p style=&quot;box-sizing: border-box; outline: 0px; padding: 0px; margin: 0px 8px; font-size: 17px; color: rgb(51, 51, 51); line-height: 1.75em; text-align: justify; word-break: break-all; white-space: normal; clear: both; min-height: 1em; font-family: -apple-system-font, BlinkMacSystemFont, &amp;quot;Helvetica Neue&amp;quot;, &amp;quot;PingFang SC&amp;quot;, &amp;quot;Hiragino Sans GB&amp;quot;, &amp;quot;Microsoft YaHei UI&amp;quot;, &amp;quot;Microsoft YaHei&amp;quot;, Arial, sans-serif; letter-spacing: 0.544px; background-color: rgb(255, 255, 255);&quot;&gt;&lt;span style=&quot;box-sizing: border-box; outline: 0px; word-break: break-all; margin: 0px; padding: 0px; letter-spacing: 1px; font-size: 15px; color: rgb(63, 63, 63);&quot;&gt;我们在 OCR 里面还加入了很多逻辑判断，例如大家知道在身份证号里面是可以看出来用户生日还有性别信息，如果我们发现身份证上的生日跟身份证号判断出来的信息不一样，我们就会在 API 的结果里面给用户返回逻辑错误，这是用户可以根据业务逻辑可以自行进行处理的。&lt;/span&gt;&lt;/p&gt;&lt;p style=&quot;box-sizing: border-box; outline: 0px; padding: 0px; margin-top: 0px; margin-bottom: 0px; font-size: 17px; color: rgb(51, 51, 51); line-height: 26px; text-align: justify; word-break: break-all; white-space: normal; clear: both; min-height: 1em; font-family: -apple-system-font, BlinkMacSystemFont, &amp;quot;Helvetica Neue&amp;quot;, &amp;quot;PingFang SC&amp;quot;, &amp;quot;Hiragino Sans GB&amp;quot;, &amp;quot;Microsoft YaHei UI&amp;quot;, &amp;quot;Microsoft YaHei&amp;quot;, Arial, sans-serif; letter-spacing: 0.544px; background-color: rgb(255, 255, 255);&quot;&gt;&lt;br/&gt;&lt;/p&gt;&lt;p style=&quot;box-sizing: border-box; outline: 0px; padding: 0px; margin: 0px 8px; font-size: 17px; color: rgb(51, 51, 51); line-height: 1.75em; text-align: justify; word-break: break-all; white-space: normal; clear: both; min-height: 1em; font-family: -apple-system-font, BlinkMacSystemFont, &amp;quot;Helvetica Neue&amp;quot;, &amp;quot;PingFang SC&amp;quot;, &amp;quot;Hiragino Sans GB&amp;quot;, &amp;quot;Microsoft YaHei UI&amp;quot;, &amp;quot;Microsoft YaHei&amp;quot;, Arial, sans-serif; letter-spacing: 0.544px; background-color: rgb(255, 255, 255);&quot;&gt;&lt;span style=&quot;box-sizing: border-box; outline: 0px; word-break: break-all; margin: 0px; padding: 0px; letter-spacing: 1px; font-size: 15px; color: rgb(63, 63, 63);&quot;&gt;这个展示就是我们身份证采集以及身份证 OCR 的一些场景。先通过手机的摄像头去采集，在我们的云端去完成 OCR 识别以及物体分类，可以去判断是不是真实的身份证。有一个需要讨论的问题是，为什么我们把 OCR 放在了云端，而不是放在手机的 SDK 端呢？这个主要是安全方面的考虑，如果信息被黑客攻破，这在端上是相当危险的事。&lt;/span&gt;&lt;/p&gt;&lt;p&gt;&lt;br/&gt;&lt;/p&gt;', 3, 0, 1, 1529651028, 1529664948, NULL),
(5, 'test', '/taopapa/public\\news\\5b2c9fb22878c.jpg', 0, 5, '这是测试文章', '&lt;p&gt;这里是测试文章&lt;/p&gt;&lt;p&gt;这里是测试文章&lt;/p&gt;', 0, 0, 0, 1529651122, 1529651129, 1529651129),
(7, '为什么我是java', '/taopapa/public\\article\\bloglogo\\java\\5b2caa1086a0d.jpg', 1, 3, '面向对象最难', '&lt;p&gt;&lt;img src=&quot;/taopapa/public/article/content/20180622/1529653722.jpg&quot; title=&quot;1529653722.jpg&quot; alt=&quot;java.jpg&quot;/&gt;&lt;/p&gt;&lt;p&gt;为什么java 这么难，为什么别人可以学好我要放弃&lt;img src=&quot;http://img.baidu.com/hi/jx2/j_0065.gif&quot;/&gt;&lt;/p&gt;', 3, 0, 1, 1529653776, 1529665370, NULL),
(8, '我要学php垃圾java', '/taopapa/public\\article\\bloglogo\\java\\5b2caad860e43.jpg', 1, 3, 'php才是世界上最好的语言', '&lt;p&gt;&lt;img src=&quot;/taopapa/public/article/content/20180622/1529653965.jpg&quot; title=&quot;1529653965.jpg&quot; alt=&quot;php.jpg&quot;/&gt;&lt;/p&gt;&lt;p&gt;哈哈哈&lt;/p&gt;', 3, 0, 1, 1529653976, 1529665334, NULL),
(9, '这是一篇测试文章', '/taopapa/public\\article\\bloglogo\\java\\5b2cadea95dcc.jpg', 1, 8, 'testtesttesttesttesttest', '&lt;p&gt;哎呦~~不错呦&lt;/p&gt;', 0, 0, 0, 1529654762, 1529654773, 1529654772),
(10, '为什么有人会说我是计算机语言界大佬？', '/taopapa/public\\article\\bloglogo\\php\\5b2cd08e65262.jpg', 2, 8, '谦虚是一件好事', '&lt;p&gt;&lt;img src=&quot;/taopapa/public/article/content/20180622/1529663566.jpg&quot; title=&quot;1529663566.jpg&quot; alt=&quot;php2.jpg&quot;/&gt;&lt;/p&gt;&lt;p&gt;我也很想谦虚，但是我不能辜负我的粉丝，所以我要强大起来&lt;/p&gt;', 3, 0, 1, 1529663630, 1529664822, NULL),
(11, '这是测试文章', '', 2, 4, '啊啊啊啊啊啊啊啊啊啊啊啊啊啊啊', '&lt;p&gt;&lt;img src=&quot;/taopapa/public/article/content/20180622/1529663807.jpg&quot; title=&quot;1529663807.jpg&quot; alt=&quot;php3.jpg&quot;/&gt;&lt;/p&gt;&lt;p&gt;哈哈哈哈哈哈哈哈哈&lt;/p&gt;', 0, 0, 0, 1529663819, 1529663927, 1529663927),
(12, '今天我想说我是web开发能手', '/taopapa/public\\article\\bloglogo\\php\\5b2cd21e7d88f.jpg', 2, 4, '不是我吹牛逼，是IT业界给的评价', '&lt;p&gt;&lt;img src=&quot;/taopapa/public/article/content/20180622/1529664011.jpg&quot; title=&quot;1529664011.jpg&quot; alt=&quot;php3.jpg&quot;/&gt;&lt;/p&gt;&lt;p&gt;囖囖囖囖囖囖囖囖囖囖咯&lt;/p&gt;', 3, 0, 1, 1529664030, 1529664912, NULL),
(13, '这是测试文章', '', 3, 5, '哈哈哈哈哈哈', '&lt;p&gt;&lt;img src=&quot;/taopapa/public/article/content/20180622/1529665513.jpg&quot; title=&quot;1529665513.jpg&quot; alt=&quot;python.jpg&quot;/&gt;&lt;/p&gt;&lt;p&gt;人生苦短，快用Python&lt;/p&gt;', 0, 0, 0, 1529665543, 1529665706, 1529665706),
(14, '人生苦短，快用Python', '/taopapa/public\\article\\bloglogo\\python\\5b2cd8a141e8f.jpg', 3, 4, '这句谁说的，今晚来侍寝！！！！', '&lt;p&gt;&lt;img src=&quot;/taopapa/public/article/content/20180622/1529665640.jpg&quot; title=&quot;1529665640.jpg&quot; alt=&quot;python.jpg&quot;/&gt;&lt;/p&gt;&lt;p&gt;朕很高兴，赏黄金万两&lt;/p&gt;', 3, 0, 1, 1529665697, 1529666339, NULL),
(15, '不知道说啥，你们说吧', '/taopapa/public\\article\\bloglogo\\python\\5b2cd94889568.jpg', 3, 7, '来撩我，这是圣旨！！！！！', '&lt;p&gt;&lt;img src=&quot;/taopapa/public/article/content/20180622/1529665841.jpg&quot; title=&quot;1529665841.jpg&quot; alt=&quot;python3.jpg&quot;/&gt;&lt;/p&gt;&lt;p&gt;来人啊&lt;/p&gt;', 3, 0, 1, 1529665864, 1529666398, NULL),
(16, 'test1', '', 4, 3, 'test1', '&lt;p&gt;aaa&lt;/p&gt;', 0, 0, 0, 1529668640, 1529668731, 1529668731),
(17, 'test2', '', 5, 5, 'aa', '&lt;p&gt;aaa&lt;/p&gt;', 0, 0, 0, 1529668694, 1529668703, 1529668703);


#评论表
create table `work_comment`(
`id` int(11) unsigned not null AUTO_INCREMENT,
`nickname` varchar(60) not null default '',
`content` text  null,
`contact` varchar(50) null,
`article_id` int(11) unsigned not null,
`author_id` int(11) unsigned not null,
`admin_id` int(11) unsigned not null default 0,
`create_time` int(11) unsigned not null default 0,
`update_time` int(11) unsigned not null default 0,
primary key(`id`)
)engine=innodb AUTO_INCREMENT=1 default charset=utf8;
INSERT INTO `work_comment` (`id`, `nickname`, `content`, `contact`, `article_id`, `author_id`, `admin_id`, `create_time`, `update_time`) VALUES
(1, '面向对象', '人脸识别安全但繁琐', 'www.java.com', 4, 1, 1, 1529652966, 1529652966),
(2, '面向对象', '即将步入技术人的我倍感劳累', 'www.java.com', 3, 1, 1, 1529653079, 1529653079),
(3, '面向对象', '一窍不通。。。', 'www.java.com', 2, 1, 1, 1529653143, 1529653143),
(4, '面向对象', '恭喜微软喜当爹', 'www.java.com', 1, 1, 1, 1529653201, 1529653201),
(5, '面向对象', '占楼占楼占楼占楼占楼占楼占楼占楼占楼占楼占楼占楼占楼', 'www.java.com', 8, 1, 0, 1529654033, 1529654033),
(6, '面向对象', '占楼占楼占楼占楼占楼占楼占楼占楼占楼占楼', 'www.java.com', 7, 1, 0, 1529654065, 1529654065),
(7, '语言界大佬', '垃圾Java', 'www.php.com', 7, 2, 0, 1529662723, 1529662723),
(8, '语言界大佬', '说的没错啊，什么Python，Java，一个毛头小子，一个倔强老头，哪能跟PHP比啊', 'www.php.com', 8, 2, 0, 1529662888, 1529662888),
(9, '语言界大佬', '恭喜恭喜，恭喜GitHub嫁亿万富翁', 'www.php.com', 1, 2, 1, 1529663020, 1529663020),
(10, '语言界大佬', 'ReID技术确实牛逼啊，不过这老师长得不怎么好看', 'www.php.com', 2, 2, 1, 1529663181, 1529663181),
(11, '语言界大佬', '学习能力很重要', 'www.php.com', 3, 2, 1, 1529663240, 1529663240),
(12, '语言界大佬', '未来近在眼前', 'www.php.com', 4, 2, 1, 1529663338, 1529663338),
(13, '语言界的大佬', '自1994年发布开始我就这么高调！！！！', 'www.php.com', 10, 2, 0, 1529663703, 1529663703),
(14, '语言界大佬', '不服盖楼，我看看有多少人', 'www.php.com', 12, 2, 0, 1529664100, 1529664100),
(15, '面向对象', '年轻人，谦虚点，你父母没教过你要尊老爱幼吗', 'www.java.com', 12, 1, 0, 1529664513, 1529664513),
(16, '面向对象', '有病？？？？？', 'www.java.com', 10, 1, 0, 1529664619, 1529664619),
(17, '蟒蛇', '偶像你好！！！！', 'www.python.com', 10, 3, 0, 1529664822, 1529664822),
(18, '蟒蛇', '我也可以啊，Django了解一下', 'www.python.com', 12, 3, 0, 1529664912, 1529664912),
(19, '蟒蛇', '是我熟悉的领域', 'www.python.com', 4, 3, 1, 1529664948, 1529664948),
(20, '蟒蛇', '很励志 啊', 'www.python.com', 3, 3, 1, 1529665159, 1529665159),
(21, '蟒蛇', '楼上说的不错，这老师长得没我们好看', 'www.python.com', 2, 3, 1, 1529665229, 1529665229),
(22, '蟒蛇', '这样的好事怎么不发生在我身上，我不想努力了', 'www.python.com', 1, 3, 1, 1529665293, 1529665293),
(23, '蟒蛇', '偶像你怎么能这么说我', 'www.python.com', 8, 3, 0, 1529665334, 1529665334),
(24, '蟒蛇', '垃圾Java', 'www.python.com', 7, 3, 0, 1529665370, 1529665370),
(25, '蟒蛇', '朕来看看你们了，哈哈哈', 'www.python.com', 14, 3, 0, 1529665773, 1529665773),
(26, '蟒蛇', 'Python万岁，万岁，万岁，万万岁！', 'www.python.com', 15, 3, 0, 1529665920, 1529665920),
(27, '面向对象', '小伙子，你还有救别放弃治疗', 'www.java.com', 15, 1, 0, 1529666163, 1529666163),
(28, '面向对象', '你爸爸我很担心你的人身安全', 'www.java.com', 14, 1, 0, 1529666220, 1529666220),
(29, '语言界大佬', '同感~', 'www.php.com', 14, 2, 0, 1529666338, 1529666338),
(30, '语言界大佬', '太自信了吧，膨胀了小兄弟', 'www.php.com', 15, 2, 0, 1529666398, 1529666398);
